-- MySQL dump 10.13  Distrib 5.7.28, for Linux (x86_64)
--
-- Host: localhost    Database: hcmi_asessment
-- ------------------------------------------------------
-- Server version	5.7.28-0ubuntu0.18.04.4

/*!40101 SET @OLD_CHARACTER_SET_CLIENT=@@CHARACTER_SET_CLIENT */;
/*!40101 SET @OLD_CHARACTER_SET_RESULTS=@@CHARACTER_SET_RESULTS */;
/*!40101 SET @OLD_COLLATION_CONNECTION=@@COLLATION_CONNECTION */;
/*!40101 SET NAMES utf8 */;
/*!40103 SET @OLD_TIME_ZONE=@@TIME_ZONE */;
/*!40103 SET TIME_ZONE='+00:00' */;
/*!40014 SET @OLD_UNIQUE_CHECKS=@@UNIQUE_CHECKS, UNIQUE_CHECKS=0 */;
/*!40014 SET @OLD_FOREIGN_KEY_CHECKS=@@FOREIGN_KEY_CHECKS, FOREIGN_KEY_CHECKS=0 */;
/*!40101 SET @OLD_SQL_MODE=@@SQL_MODE, SQL_MODE='NO_AUTO_VALUE_ON_ZERO' */;
/*!40111 SET @OLD_SQL_NOTES=@@SQL_NOTES, SQL_NOTES=0 */;

--
-- Table structure for table `assessment_form_questions`
--

DROP TABLE IF EXISTS `assessment_form_questions`;
/*!40101 SET @saved_cs_client     = @@character_set_client */;
/*!40101 SET character_set_client = utf8 */;
CREATE TABLE `assessment_form_questions` (
  `id` int(11) unsigned NOT NULL AUTO_INCREMENT,
  `form_id` int(11) DEFAULT NULL,
  `skill_unit_id` int(11) DEFAULT NULL,
  `weight` double DEFAULT NULL,
  `poin` int(11) DEFAULT NULL,
  `created_at` timestamp NULL DEFAULT NULL,
  `updated_at` timestamp NULL DEFAULT NULL,
  PRIMARY KEY (`id`)
) ENGINE=InnoDB AUTO_INCREMENT=101 DEFAULT CHARSET=utf8;
/*!40101 SET character_set_client = @saved_cs_client */;

--
-- Dumping data for table `assessment_form_questions`
--

LOCK TABLES `assessment_form_questions` WRITE;
/*!40000 ALTER TABLE `assessment_form_questions` DISABLE KEYS */;
INSERT INTO `assessment_form_questions` VALUES (1,1,53,10,NULL,NULL,NULL),(2,1,54,15,NULL,NULL,NULL),(3,1,55,20,NULL,NULL,NULL),(4,1,56,25,NULL,NULL,NULL),(5,1,57,30,NULL,NULL,NULL),(6,1,96,2.5,NULL,NULL,NULL),(7,1,97,5,NULL,NULL,NULL),(8,1,98,10,NULL,NULL,NULL),(9,1,99,12.5,NULL,NULL,NULL),(10,1,100,15,NULL,NULL,NULL),(11,1,111,2.5,NULL,NULL,NULL),(12,1,112,2.5,NULL,NULL,NULL),(13,1,113,5,NULL,NULL,NULL),(14,1,114,7.5,NULL,NULL,NULL),(15,1,115,10,NULL,NULL,NULL),(16,1,402,5,NULL,NULL,NULL),(17,1,403,10,NULL,NULL,NULL),(18,1,404,15,NULL,NULL,NULL),(19,1,405,20,NULL,NULL,NULL),(20,1,406,25,NULL,NULL,NULL),(21,1,417,2.5,NULL,NULL,NULL),(22,1,418,5,NULL,NULL,NULL),(23,1,419,10,NULL,NULL,NULL),(24,1,420,12.5,NULL,NULL,NULL),(25,1,421,15,NULL,NULL,NULL),(26,2,53,10,NULL,NULL,NULL),(27,2,54,15,NULL,NULL,NULL),(28,2,55,20,NULL,NULL,NULL),(29,2,56,25,NULL,NULL,NULL),(30,2,57,30,NULL,NULL,NULL),(31,2,96,2.5,NULL,NULL,NULL),(32,2,97,5,NULL,NULL,NULL),(33,2,98,10,NULL,NULL,NULL),(34,2,99,12.5,NULL,NULL,NULL),(35,2,100,15,NULL,NULL,NULL),(36,2,111,2.5,NULL,NULL,NULL),(37,2,112,2.5,NULL,NULL,NULL),(38,2,113,5,NULL,NULL,NULL),(39,2,114,7.5,NULL,NULL,NULL),(40,2,115,10,NULL,NULL,NULL),(41,2,402,5,NULL,NULL,NULL),(42,2,403,10,NULL,NULL,NULL),(43,2,404,15,NULL,NULL,NULL),(44,2,405,20,NULL,NULL,NULL),(45,2,406,25,NULL,NULL,NULL),(46,2,417,2.5,NULL,NULL,NULL),(47,2,418,5,NULL,NULL,NULL),(48,2,419,10,NULL,NULL,NULL),(49,2,420,12.5,NULL,NULL,NULL),(50,2,421,15,NULL,NULL,NULL),(51,3,53,10,NULL,NULL,NULL),(52,3,54,15,NULL,NULL,NULL),(53,3,55,20,NULL,NULL,NULL),(54,3,56,25,NULL,NULL,NULL),(55,3,57,30,NULL,NULL,NULL),(56,3,96,2.5,NULL,NULL,NULL),(57,3,97,5,NULL,NULL,NULL),(58,3,98,10,NULL,NULL,NULL),(59,3,99,12.5,NULL,NULL,NULL),(60,3,100,15,NULL,NULL,NULL),(61,3,111,2.5,NULL,NULL,NULL),(62,3,112,2.5,NULL,NULL,NULL),(63,3,113,5,NULL,NULL,NULL),(64,3,114,7.5,NULL,NULL,NULL),(65,3,115,10,NULL,NULL,NULL),(66,3,402,5,NULL,NULL,NULL),(67,3,403,10,NULL,NULL,NULL),(68,3,404,15,NULL,NULL,NULL),(69,3,405,20,NULL,NULL,NULL),(70,3,406,25,NULL,NULL,NULL),(71,3,417,2.5,NULL,NULL,NULL),(72,3,418,5,NULL,NULL,NULL),(73,3,419,10,NULL,NULL,NULL),(74,3,420,12.5,NULL,NULL,NULL),(75,3,421,15,NULL,NULL,NULL),(76,4,53,10,NULL,NULL,NULL),(77,4,54,15,NULL,NULL,NULL),(78,4,55,20,NULL,NULL,NULL),(79,4,56,25,NULL,NULL,NULL),(80,4,57,30,NULL,NULL,NULL),(81,4,96,2.5,NULL,NULL,NULL),(82,4,97,5,NULL,NULL,NULL),(83,4,98,10,NULL,NULL,NULL),(84,4,99,12.5,NULL,NULL,NULL),(85,4,100,15,NULL,NULL,NULL),(86,4,111,2.5,NULL,NULL,NULL),(87,4,112,2.5,NULL,NULL,NULL),(88,4,113,5,NULL,NULL,NULL),(89,4,114,7.5,NULL,NULL,NULL),(90,4,115,10,NULL,NULL,NULL),(91,4,402,5,NULL,NULL,NULL),(92,4,403,10,NULL,NULL,NULL),(93,4,404,15,NULL,NULL,NULL),(94,4,405,20,NULL,NULL,NULL),(95,4,406,25,NULL,NULL,NULL),(96,4,417,2.5,NULL,NULL,NULL),(97,4,418,5,NULL,NULL,NULL),(98,4,419,10,NULL,NULL,NULL),(99,4,420,12.5,NULL,NULL,NULL),(100,4,421,15,NULL,NULL,NULL);
/*!40000 ALTER TABLE `assessment_form_questions` ENABLE KEYS */;
UNLOCK TABLES;

--
-- Table structure for table `assessment_form_weight`
--

DROP TABLE IF EXISTS `assessment_form_weight`;
/*!40101 SET @saved_cs_client     = @@character_set_client */;
/*!40101 SET character_set_client = utf8 */;
CREATE TABLE `assessment_form_weight` (
  `id` int(11) unsigned NOT NULL AUTO_INCREMENT,
  `job_group_code` varchar(255) DEFAULT NULL,
  `level` tinyint(4) DEFAULT NULL,
  `unit` int(11) DEFAULT NULL,
  `weight` double DEFAULT NULL,
  `created_at` timestamp NULL DEFAULT NULL,
  `updated_at` timestamp NULL DEFAULT NULL,
  `deleted_at` timestamp NULL DEFAULT NULL,
  PRIMARY KEY (`id`)
) ENGINE=InnoDB AUTO_INCREMENT=201 DEFAULT CHARSET=utf8;
/*!40101 SET character_set_client = @saved_cs_client */;

--
-- Dumping data for table `assessment_form_weight`
--

LOCK TABLES `assessment_form_weight` WRITE;
/*!40000 ALTER TABLE `assessment_form_weight` DISABLE KEYS */;
INSERT INTO `assessment_form_weight` VALUES (1,'G1D',1,1,10,NULL,NULL,NULL),(2,'G1D',1,2,15,NULL,NULL,NULL),(3,'G1D',1,3,20,NULL,NULL,NULL),(4,'G1D',1,4,25,NULL,NULL,NULL),(5,'G1D',1,5,30,NULL,NULL,NULL),(6,'G1D',2,1,10,NULL,NULL,NULL),(7,'G1D',2,2,15,NULL,NULL,NULL),(8,'G1D',2,3,20,NULL,NULL,NULL),(9,'G1D',2,4,25,NULL,NULL,NULL),(10,'G1D',2,5,30,NULL,NULL,NULL),(11,'G1D',3,1,5,NULL,NULL,NULL),(12,'G1D',3,2,10,NULL,NULL,NULL),(13,'G1D',3,3,12.5,NULL,NULL,NULL),(14,'G1D',3,4,17.5,NULL,NULL,NULL),(15,'G1D',3,5,20,NULL,NULL,NULL),(16,'G1D',4,1,2.5,NULL,NULL,NULL),(17,'G1D',4,2,2.5,NULL,NULL,NULL),(18,'G1D',4,3,5,NULL,NULL,NULL),(19,'G1D',4,4,7.5,NULL,NULL,NULL),(20,'G1D',4,5,10,NULL,NULL,NULL),(21,'G1D',5,1,2.5,NULL,NULL,NULL),(22,'G1D',5,2,2.5,NULL,NULL,NULL),(23,'G1D',5,3,5,NULL,NULL,NULL),(24,'G1D',5,4,7.5,NULL,NULL,NULL),(25,'G1D',5,5,10,NULL,NULL,NULL),(26,'G1I',1,1,10,NULL,NULL,NULL),(27,'G1I',1,2,15,NULL,NULL,NULL),(28,'G1I',1,3,20,NULL,NULL,NULL),(29,'G1I',1,4,25,NULL,NULL,NULL),(30,'G1I',1,5,30,NULL,NULL,NULL),(31,'G1I',2,1,5,NULL,NULL,NULL),(32,'G1I',2,2,10,NULL,NULL,NULL),(33,'G1I',2,3,15,NULL,NULL,NULL),(34,'G1I',2,4,20,NULL,NULL,NULL),(35,'G1I',2,5,25,NULL,NULL,NULL),(36,'G1I',3,1,5,NULL,NULL,NULL),(37,'G1I',3,2,10,NULL,NULL,NULL),(38,'G1I',3,3,12.5,NULL,NULL,NULL),(39,'G1I',3,4,17.5,NULL,NULL,NULL),(40,'G1I',3,5,20,NULL,NULL,NULL),(41,'G1I',4,1,2.5,NULL,NULL,NULL),(42,'G1I',4,2,5,NULL,NULL,NULL),(43,'G1I',4,3,10,NULL,NULL,NULL),(44,'G1I',4,4,12.5,NULL,NULL,NULL),(45,'G1I',4,5,15,NULL,NULL,NULL),(46,'G1I',5,1,2.5,NULL,NULL,NULL),(47,'G1I',5,2,2.5,NULL,NULL,NULL),(48,'G1I',5,3,5,NULL,NULL,NULL),(49,'G1I',5,4,7.5,NULL,NULL,NULL),(50,'G1I',5,5,10,NULL,NULL,NULL),(51,'G1O',1,1,5,NULL,NULL,NULL),(52,'G1O',1,2,10,NULL,NULL,NULL),(53,'G1O',1,3,15,NULL,NULL,NULL),(54,'G1O',1,4,20,NULL,NULL,NULL),(55,'G1O',1,5,25,NULL,NULL,NULL),(56,'G1O',2,1,5,NULL,NULL,NULL),(57,'G1O',2,2,10,NULL,NULL,NULL),(58,'G1O',2,3,15,NULL,NULL,NULL),(59,'G1O',2,4,20,NULL,NULL,NULL),(60,'G1O',2,5,25,NULL,NULL,NULL),(61,'G1O',3,1,5,NULL,NULL,NULL),(62,'G1O',3,2,10,NULL,NULL,NULL),(63,'G1O',3,3,12.5,NULL,NULL,NULL),(64,'G1O',3,4,17.5,NULL,NULL,NULL),(65,'G1O',3,5,20,NULL,NULL,NULL),(66,'G1O',4,1,2.5,NULL,NULL,NULL),(67,'G1O',4,2,5,NULL,NULL,NULL),(68,'G1O',4,3,10,NULL,NULL,NULL),(69,'G1O',4,4,12.5,NULL,NULL,NULL),(70,'G1O',4,5,15,NULL,NULL,NULL),(71,'G1O',5,1,2.5,NULL,NULL,NULL),(72,'G1O',5,2,5,NULL,NULL,NULL),(73,'G1O',5,3,10,NULL,NULL,NULL),(74,'G1O',5,4,12.5,NULL,NULL,NULL),(75,'G1O',5,5,15,NULL,NULL,NULL),(76,'G2D',1,1,10,NULL,NULL,NULL),(77,'G2D',1,2,15,NULL,NULL,NULL),(78,'G2D',1,3,20,NULL,NULL,NULL),(79,'G2D',1,4,25,NULL,NULL,NULL),(80,'G2D',1,5,30,NULL,NULL,NULL),(81,'G2D',2,1,10,NULL,NULL,NULL),(82,'G2D',2,2,15,NULL,NULL,NULL),(83,'G2D',2,3,20,NULL,NULL,NULL),(84,'G2D',2,4,25,NULL,NULL,NULL),(85,'G2D',2,5,30,NULL,NULL,NULL),(86,'G2D',3,1,5,NULL,NULL,NULL),(87,'G2D',3,2,10,NULL,NULL,NULL),(88,'G2D',3,3,12.5,NULL,NULL,NULL),(89,'G2D',3,4,17.5,NULL,NULL,NULL),(90,'G2D',3,5,20,NULL,NULL,NULL),(91,'G2D',4,1,2.5,NULL,NULL,NULL),(92,'G2D',4,2,2.5,NULL,NULL,NULL),(93,'G2D',4,3,5,NULL,NULL,NULL),(94,'G2D',4,4,7.5,NULL,NULL,NULL),(95,'G2D',4,5,10,NULL,NULL,NULL),(96,'G2D',5,1,2.5,NULL,NULL,NULL),(97,'G2D',5,2,2.5,NULL,NULL,NULL),(98,'G2D',5,3,5,NULL,NULL,NULL),(99,'G2D',5,4,7.5,NULL,NULL,NULL),(100,'G2D',5,5,10,NULL,NULL,NULL),(101,'G2I',1,1,10,NULL,NULL,NULL),(102,'G2I',1,2,15,NULL,NULL,NULL),(103,'G2I',1,3,20,NULL,NULL,NULL),(104,'G2I',1,4,25,NULL,NULL,NULL),(105,'G2I',1,5,30,NULL,NULL,NULL),(106,'G2I',2,1,5,NULL,NULL,NULL),(107,'G2I',2,2,10,NULL,NULL,NULL),(108,'G2I',2,3,15,NULL,NULL,NULL),(109,'G2I',2,4,20,NULL,NULL,NULL),(110,'G2I',2,5,25,NULL,NULL,NULL),(111,'G2I',3,1,5,NULL,NULL,NULL),(112,'G2I',3,2,10,NULL,NULL,NULL),(113,'G2I',3,3,12.5,NULL,NULL,NULL),(114,'G2I',3,4,17.5,NULL,NULL,NULL),(115,'G2I',3,5,20,NULL,NULL,NULL),(116,'G2I',4,1,2.5,NULL,NULL,NULL),(117,'G2I',4,2,5,NULL,NULL,NULL),(118,'G2I',4,3,10,NULL,NULL,NULL),(119,'G2I',4,4,12.5,NULL,NULL,NULL),(120,'G2I',4,5,15,NULL,NULL,NULL),(121,'G2I',5,1,2.5,NULL,NULL,NULL),(122,'G2I',5,2,2.5,NULL,NULL,NULL),(123,'G2I',5,3,5,NULL,NULL,NULL),(124,'G2I',5,4,7.5,NULL,NULL,NULL),(125,'G2I',5,5,10,NULL,NULL,NULL),(126,'G2O',1,1,5,NULL,NULL,NULL),(127,'G2O',1,2,10,NULL,NULL,NULL),(128,'G2O',1,3,15,NULL,NULL,NULL),(129,'G2O',1,4,20,NULL,NULL,NULL),(130,'G2O',1,5,25,NULL,NULL,NULL),(131,'G2O',2,1,5,NULL,NULL,NULL),(132,'G2O',2,2,10,NULL,NULL,NULL),(133,'G2O',2,3,15,NULL,NULL,NULL),(134,'G2O',2,4,20,NULL,NULL,NULL),(135,'G2O',2,5,25,NULL,NULL,NULL),(136,'G2O',3,1,5,NULL,NULL,NULL),(137,'G2O',3,2,10,NULL,NULL,NULL),(138,'G2O',3,3,12.5,NULL,NULL,NULL),(139,'G2O',3,4,17.5,NULL,NULL,NULL),(140,'G2O',3,5,20,NULL,NULL,NULL),(141,'G2O',4,1,2.5,NULL,NULL,NULL),(142,'G2O',4,2,5,NULL,NULL,NULL),(143,'G2O',4,3,10,NULL,NULL,NULL),(144,'G2O',4,4,12.5,NULL,NULL,NULL),(145,'G2O',4,5,15,NULL,NULL,NULL),(146,'G2O',5,1,2.5,NULL,NULL,NULL),(147,'G2O',5,2,5,NULL,NULL,NULL),(148,'G2O',5,3,10,NULL,NULL,NULL),(149,'G2O',5,4,12.5,NULL,NULL,NULL),(150,'G2O',5,5,15,NULL,NULL,NULL),(151,'G3I',1,1,10,NULL,NULL,NULL),(152,'G3I',1,2,15,NULL,NULL,NULL),(153,'G3I',1,3,20,NULL,NULL,NULL),(154,'G3I',1,4,25,NULL,NULL,NULL),(155,'G3I',1,5,30,NULL,NULL,NULL),(156,'G3I',2,1,10,NULL,NULL,NULL),(157,'G3I',2,2,15,NULL,NULL,NULL),(158,'G3I',2,3,20,NULL,NULL,NULL),(159,'G3I',2,4,25,NULL,NULL,NULL),(160,'G3I',2,5,30,NULL,NULL,NULL),(161,'G3I',3,1,5,NULL,NULL,NULL),(162,'G3I',3,2,10,NULL,NULL,NULL),(163,'G3I',3,3,12.5,NULL,NULL,NULL),(164,'G3I',3,4,17.5,NULL,NULL,NULL),(165,'G3I',3,5,20,NULL,NULL,NULL),(166,'G3I',4,1,2.5,NULL,NULL,NULL),(167,'G3I',4,2,5,NULL,NULL,NULL),(168,'G3I',4,3,10,NULL,NULL,NULL),(169,'G3I',4,4,12.5,NULL,NULL,NULL),(170,'G3I',4,5,15,NULL,NULL,NULL),(171,'G3I',5,1,2.5,NULL,NULL,NULL),(172,'G3I',5,2,2.5,NULL,NULL,NULL),(173,'G3I',5,3,5,NULL,NULL,NULL),(174,'G3I',5,4,7.5,NULL,NULL,NULL),(175,'G3I',5,5,10,NULL,NULL,NULL),(176,'G3O',1,1,10,NULL,NULL,NULL),(177,'G3O',1,2,15,NULL,NULL,NULL),(178,'G3O',1,3,20,NULL,NULL,NULL),(179,'G3O',1,4,25,NULL,NULL,NULL),(180,'G3O',1,5,30,NULL,NULL,NULL),(181,'G3O',2,1,5,NULL,NULL,NULL),(182,'G3O',2,2,10,NULL,NULL,NULL),(183,'G3O',2,3,15,NULL,NULL,NULL),(184,'G3O',2,4,20,NULL,NULL,NULL),(185,'G3O',2,5,25,NULL,NULL,NULL),(186,'G3O',3,1,5,NULL,NULL,NULL),(187,'G3O',3,2,10,NULL,NULL,NULL),(188,'G3O',3,3,12.5,NULL,NULL,NULL),(189,'G3O',3,4,17.5,NULL,NULL,NULL),(190,'G3O',3,5,20,NULL,NULL,NULL),(191,'G3O',4,1,2.5,NULL,NULL,NULL),(192,'G3O',4,2,5,NULL,NULL,NULL),(193,'G3O',4,3,10,NULL,NULL,NULL),(194,'G3O',4,4,12.5,NULL,NULL,NULL),(195,'G3O',4,5,15,NULL,NULL,NULL),(196,'G3O',5,1,2.5,NULL,NULL,NULL),(197,'G3O',5,2,2.5,NULL,NULL,NULL),(198,'G3O',5,3,5,NULL,NULL,NULL),(199,'G3O',5,4,7.5,NULL,NULL,NULL),(200,'G3O',5,5,10,NULL,NULL,NULL);
/*!40000 ALTER TABLE `assessment_form_weight` ENABLE KEYS */;
UNLOCK TABLES;

--
-- Table structure for table `assessment_forms`
--

DROP TABLE IF EXISTS `assessment_forms`;
/*!40101 SET @saved_cs_client     = @@character_set_client */;
/*!40101 SET character_set_client = utf8 */;
CREATE TABLE `assessment_forms` (
  `id` int(11) NOT NULL AUTO_INCREMENT,
  `code` varchar(255) NOT NULL,
  `nik` varchar(255) NOT NULL,
  `job_id` int(11) NOT NULL,
  `total_poin` double DEFAULT NULL,
  `poin_grade` tinyint(4) DEFAULT NULL,
  `audit_by` varchar(255) DEFAULT NULL,
  `created_at` timestamp NULL DEFAULT NULL,
  `updated_at` timestamp NULL DEFAULT NULL,
  PRIMARY KEY (`id`)
) ENGINE=InnoDB AUTO_INCREMENT=5 DEFAULT CHARSET=latin1;
/*!40101 SET character_set_client = @saved_cs_client */;

--
-- Dumping data for table `assessment_forms`
--

LOCK TABLES `assessment_forms` WRITE;
/*!40000 ALTER TABLE `assessment_forms` DISABLE KEYS */;
INSERT INTO `assessment_forms` VALUES (1,'AF-34-2020','13032650',34,NULL,NULL,NULL,NULL,NULL),(2,'AF-34-2020','00040694',34,NULL,NULL,NULL,NULL,NULL),(3,'AF-34-2020','10029788',34,NULL,NULL,NULL,NULL,NULL),(4,'AF-34-2020','05121016',34,NULL,NULL,NULL,NULL,NULL);
/*!40000 ALTER TABLE `assessment_forms` ENABLE KEYS */;
UNLOCK TABLES;

--
-- Table structure for table `assessment_settings`
--

DROP TABLE IF EXISTS `assessment_settings`;
/*!40101 SET @saved_cs_client     = @@character_set_client */;
/*!40101 SET character_set_client = utf8 */;
CREATE TABLE `assessment_settings` (
  `id` int(11) NOT NULL AUTO_INCREMENT,
  `year_id` varchar(45) NOT NULL,
  `start_date` date NOT NULL,
  `end_date` date NOT NULL,
  PRIMARY KEY (`id`)
) ENGINE=InnoDB AUTO_INCREMENT=4 DEFAULT CHARSET=latin1;
/*!40101 SET character_set_client = @saved_cs_client */;

--
-- Dumping data for table `assessment_settings`
--

LOCK TABLES `assessment_settings` WRITE;
/*!40000 ALTER TABLE `assessment_settings` DISABLE KEYS */;
INSERT INTO `assessment_settings` VALUES (1,'1','2019-07-14','2019-07-20'),(2,'16','2019-05-12','2019-05-18'),(3,'18','2022-03-01','2022-04-30');
/*!40000 ALTER TABLE `assessment_settings` ENABLE KEYS */;
UNLOCK TABLES;

--
-- Table structure for table `assessment_validations`
--

DROP TABLE IF EXISTS `assessment_validations`;
/*!40101 SET @saved_cs_client     = @@character_set_client */;
/*!40101 SET character_set_client = utf8 */;
CREATE TABLE `assessment_validations` (
  `id` int(11) NOT NULL AUTO_INCREMENT,
  `code` varchar(255) NOT NULL,
  `is_valid` int(11) DEFAULT NULL,
  `created_at` timestamp NOT NULL DEFAULT CURRENT_TIMESTAMP ON UPDATE CURRENT_TIMESTAMP,
  `updated_at` timestamp NULL DEFAULT NULL,
  PRIMARY KEY (`id`)
) ENGINE=InnoDB AUTO_INCREMENT=2 DEFAULT CHARSET=latin1;
/*!40101 SET character_set_client = @saved_cs_client */;

--
-- Dumping data for table `assessment_validations`
--

LOCK TABLES `assessment_validations` WRITE;
/*!40000 ALTER TABLE `assessment_validations` DISABLE KEYS */;
INSERT INTO `assessment_validations` VALUES (1,'AF-3-2020',3,'2020-01-29 06:57:02',NULL);
/*!40000 ALTER TABLE `assessment_validations` ENABLE KEYS */;
UNLOCK TABLES;

--
-- Table structure for table `assessment_years`
--

DROP TABLE IF EXISTS `assessment_years`;
/*!40101 SET @saved_cs_client     = @@character_set_client */;
/*!40101 SET character_set_client = utf8 */;
CREATE TABLE `assessment_years` (
  `id` int(11) NOT NULL AUTO_INCREMENT,
  `year` varchar(4) NOT NULL,
  `is_active` tinyint(4) DEFAULT NULL,
  `created_at` timestamp NULL DEFAULT NULL,
  `updated_at` timestamp NULL DEFAULT NULL,
  PRIMARY KEY (`id`)
) ENGINE=InnoDB AUTO_INCREMENT=27 DEFAULT CHARSET=latin1;
/*!40101 SET character_set_client = @saved_cs_client */;

--
-- Dumping data for table `assessment_years`
--

LOCK TABLES `assessment_years` WRITE;
/*!40000 ALTER TABLE `assessment_years` DISABLE KEYS */;
INSERT INTO `assessment_years` VALUES (1,'2019',NULL,NULL,NULL),(16,'2020',1,NULL,NULL),(18,'2021',NULL,NULL,NULL),(26,'2022',NULL,NULL,NULL);
/*!40000 ALTER TABLE `assessment_years` ENABLE KEYS */;
UNLOCK TABLES;

--
-- Table structure for table `departements`
--

DROP TABLE IF EXISTS `departements`;
/*!40101 SET @saved_cs_client     = @@character_set_client */;
/*!40101 SET character_set_client = utf8 */;
CREATE TABLE `departements` (
  `id` int(11) unsigned NOT NULL AUTO_INCREMENT,
  `name` varchar(255) NOT NULL,
  `created_at` timestamp NULL DEFAULT NULL,
  `updated_at` timestamp NULL DEFAULT NULL,
  `deleted_at` timestamp NULL DEFAULT NULL,
  PRIMARY KEY (`id`)
) ENGINE=InnoDB AUTO_INCREMENT=13 DEFAULT CHARSET=utf8;
/*!40101 SET character_set_client = @saved_cs_client */;

--
-- Dumping data for table `departements`
--

LOCK TABLES `departements` WRITE;
/*!40000 ALTER TABLE `departements` DISABLE KEYS */;
INSERT INTO `departements` VALUES (1,'Human Resources Department',NULL,NULL,NULL),(2,'PPIC Department',NULL,NULL,NULL),(3,'Production Departement',NULL,NULL,NULL),(4,'Quality Assurance Department',NULL,NULL,NULL),(5,'Production Engineering Department',NULL,NULL,NULL),(6,'Design Department',NULL,NULL,NULL),(7,'Procurement Department',NULL,NULL,NULL),(8,'IT Promotion Department',NULL,NULL,NULL),(9,'Finance & Accounting Department',NULL,NULL,NULL),(10,'dept test xx1 sh','2019-04-28 06:38:45','2019-04-28 06:39:10',NULL),(11,'test drive lagi dong yaa boleh kakak akuh',NULL,NULL,NULL),(12,'lagi dicobain sama akuh sama kamuh',NULL,NULL,NULL);
/*!40000 ALTER TABLE `departements` ENABLE KEYS */;
UNLOCK TABLES;

--
-- Table structure for table `employe_relations`
--

DROP TABLE IF EXISTS `employe_relations`;
/*!40101 SET @saved_cs_client     = @@character_set_client */;
/*!40101 SET character_set_client = utf8 */;
CREATE TABLE `employe_relations` (
  `id` int(10) unsigned NOT NULL AUTO_INCREMENT,
  `nik` varchar(255) COLLATE utf8mb4_unicode_ci NOT NULL,
  `child_id` int(10) unsigned NOT NULL,
  `created_at` timestamp NULL DEFAULT NULL,
  `updated_at` timestamp NULL DEFAULT NULL,
  PRIMARY KEY (`id`),
  KEY `employe_relations_nik_foreign` (`nik`),
  KEY `employe_relations_child_id_foreign` (`child_id`),
  CONSTRAINT `employe_relations_child_id_foreign` FOREIGN KEY (`child_id`) REFERENCES `employes` (`id`),
  CONSTRAINT `employe_relations_nik_foreign` FOREIGN KEY (`nik`) REFERENCES `employes` (`nik`)
) ENGINE=InnoDB DEFAULT CHARSET=utf8mb4 COLLATE=utf8mb4_unicode_ci;
/*!40101 SET character_set_client = @saved_cs_client */;

--
-- Dumping data for table `employe_relations`
--

LOCK TABLES `employe_relations` WRITE;
/*!40000 ALTER TABLE `employe_relations` DISABLE KEYS */;
/*!40000 ALTER TABLE `employe_relations` ENABLE KEYS */;
UNLOCK TABLES;

--
-- Table structure for table `employes`
--

DROP TABLE IF EXISTS `employes`;
/*!40101 SET @saved_cs_client     = @@character_set_client */;
/*!40101 SET character_set_client = utf8 */;
CREATE TABLE `employes` (
  `id` int(10) unsigned NOT NULL AUTO_INCREMENT,
  `nik` varchar(255) COLLATE utf8mb4_unicode_ci NOT NULL,
  `name` varchar(255) COLLATE utf8mb4_unicode_ci NOT NULL,
  `section_id` int(11) DEFAULT NULL,
  `grade` int(11) DEFAULT NULL,
  `position_id` int(11) DEFAULT NULL,
  `job_title_id` int(11) DEFAULT NULL,
  `created_at` timestamp NULL DEFAULT NULL,
  `updated_at` timestamp NULL DEFAULT NULL,
  `deleted_at` timestamp NULL DEFAULT NULL,
  PRIMARY KEY (`id`),
  UNIQUE KEY `employes_nik_unique` (`nik`)
) ENGINE=InnoDB AUTO_INCREMENT=377 DEFAULT CHARSET=utf8mb4 COLLATE=utf8mb4_unicode_ci;
/*!40101 SET character_set_client = @saved_cs_client */;

--
-- Dumping data for table `employes`
--

LOCK TABLES `employes` WRITE;
/*!40000 ALTER TABLE `employes` DISABLE KEYS */;
INSERT INTO `employes` VALUES (1,'123456','admin',2,0,0,NULL,NULL,NULL,NULL),(2,'08051214','WAHID WAHYUDIN',1,6,9,NULL,NULL,NULL,NULL),(3,'12031664','IRVAN NURDIANSYAH',1,4,7,NULL,NULL,NULL,NULL),(4,'12051673','ATHTHUR HILMAN AGUSTIAN',1,3,5,5,NULL,NULL,NULL),(5,'95060512','FAHRUDIN HIDAYAT',1,3,5,6,NULL,NULL,NULL),(6,'05090995','KHAIRUDIN',1,3,5,6,NULL,NULL,NULL),(7,'11121563','TRI ANDINI DARMAYANTI SOEWITO',1,3,6,6,NULL,NULL,NULL),(9,'07085268','DHANNY IRAWAN',1,2,4,3,NULL,NULL,NULL),(10,'03120867','FAISAL MADI',1,2,4,7,NULL,NULL,NULL),(11,'10105454','HASAN SAJILI',1,2,4,3,NULL,NULL,NULL),(12,'06041057','MIFTAHUR ROHMAT',1,2,3,3,NULL,NULL,NULL),(13,'13022643','BUDI SANTOSO',1,1,1,1,NULL,NULL,NULL),(14,'03040817','HERY NOPIYANTO',22,1,2,26,NULL,NULL,NULL),(15,'90010134','AMIN FAUZI',22,1,2,26,NULL,NULL,NULL),(16,'00090706','CHRISTINA SANTIKA WINARTI',22,6,9,NULL,NULL,NULL,NULL),(17,'91090216','DEDI SUPRIYADI',22,1,2,26,NULL,NULL,NULL),(18,'06011032','I GUSTI KETUT AGUNG BUDHA',22,5,8,NULL,NULL,NULL,NULL),(19,'12112545','IKA ZAKHROTUN',22,2,4,27,NULL,NULL,NULL),(20,'12031649','LUSHY MARLINA KATRIN',22,2,4,27,NULL,NULL,NULL),(21,'00040677','MITO ARIFIANTO',22,1,2,26,NULL,NULL,NULL),(22,'09069765','RACHMAT',22,1,2,26,NULL,NULL,NULL),(23,'13012591','RIZKI GITA NURANI',22,2,4,27,NULL,NULL,NULL),(24,'96030587','RR ENDANG SUPROBOWATI',22,2,4,27,NULL,NULL,NULL),(25,'91090215','SAMAD',22,1,2,26,NULL,NULL,NULL),(26,'91050199','SAMHUDI',22,1,2,26,NULL,NULL,NULL),(27,'11041467','WIRA SETYADI',22,3,5,28,NULL,NULL,NULL),(28,'18032884','WISNU ADAM',22,2,4,27,NULL,NULL,NULL),(29,'07071147','YULIA',22,5,8,NULL,NULL,NULL,NULL),(30,'12091918','ACHMAD JAELANI',13,1,2,30,NULL,NULL,NULL),(31,'04010901','ADI PARDIANSYAH',13,2,3,71,NULL,NULL,NULL),(32,'06051060','ADY SUMALA',13,1,2,30,NULL,NULL,NULL),(33,'12092029','AGUS HARYANTO',13,1,2,30,NULL,NULL,NULL),(34,'06029444','AGUS PURWANTO',13,1,2,30,NULL,NULL,NULL),(35,'12101856','AHMAD RIYANTO',13,1,2,30,NULL,NULL,NULL),(36,'04010897','ARIS SAPUTRA',13,1,2,30,NULL,NULL,NULL),(37,'11051469','ARIS SUBEKTI',13,1,2,30,NULL,NULL,NULL),(38,'06011029','BAMBANG SAPTO PRIYONO',13,6,9,NULL,NULL,NULL,NULL),(39,'13032650','DEDI SUSANTO',13,3,5,34,NULL,NULL,NULL),(40,'12092146','EDY RIYANTO',13,1,2,30,NULL,NULL,NULL),(41,'11051470','EKO SAPUTRO',13,1,2,30,NULL,NULL,NULL),(42,'18012778','FAIZAL NANDA SAPUTRA',13,1,2,30,NULL,NULL,NULL),(43,'12092137','FIAN IRIANSYAH',13,1,2,30,NULL,NULL,NULL),(44,'19013049','FUAT SETIAWAN',13,1,2,30,NULL,NULL,NULL),(45,'12051680','INDRA KUSUMAH',13,1,2,30,NULL,NULL,NULL),(46,'06051066','JOKO SUNDORO',13,2,3,71,NULL,NULL,NULL),(47,'06051063','KOMAR',13,1,2,30,NULL,NULL,NULL),(48,'18123028','KRISDIYANTORO SARDONO',13,1,2,30,NULL,NULL,NULL),(49,'88010068','KUWATIN',13,4,7,NULL,NULL,NULL,NULL),(50,'03050827','MASRURI',13,5,8,NULL,NULL,NULL,NULL),(51,'00040694','MUKHAMAD MUKHTAR',13,3,5,34,NULL,NULL,NULL),(52,'19013054','PRAYOGI ADITYA PRATAMA',13,1,2,30,NULL,NULL,NULL),(53,'06011023','RACHMAN DEDI',13,2,3,71,NULL,NULL,NULL),(54,'04010900','RIPANI',13,1,2,30,NULL,NULL,NULL),(55,'12101857','RISA SETYO PUTRA SUDARMA',13,1,2,30,NULL,NULL,NULL),(56,'12091920','ROSADI',13,1,2,30,NULL,NULL,NULL),(57,'91040193','SAMSUL HUDHA',13,1,2,30,NULL,NULL,NULL),(58,'10029788','SARNO',13,3,5,34,NULL,NULL,NULL),(59,'05121016','SETIA NURDI',13,3,5,34,NULL,NULL,NULL),(60,'95090559','SUHANDI',13,1,2,30,NULL,NULL,NULL),(61,'93020338','SULISTIYANTO',13,1,2,30,NULL,NULL,NULL),(62,'12081809','TAUFIK RIKI YULIANDY',13,1,2,30,NULL,NULL,NULL),(63,'18112976','TRI JOKO SUSILO',13,1,2,30,NULL,NULL,NULL),(64,'04010902','TRI WICAKSONO',13,2,3,71,NULL,NULL,NULL),(65,'12031666','UTOMO',13,1,2,30,NULL,NULL,NULL),(66,'12051679','WAHYU FERNANDO HARAHAP',13,1,2,30,NULL,NULL,NULL),(67,'18012781','WIDI AGUSTIAWAN',13,1,2,30,NULL,NULL,NULL),(68,'06051062','WINATA',13,1,2,30,NULL,NULL,NULL),(69,'18022829','ALAMSYAH NIKI',12,1,2,29,NULL,NULL,NULL),(70,'04010906','ANSHORULAH',12,1,2,29,NULL,NULL,NULL),(71,'12092436','ARIEF PRIYAMBODO',12,1,2,29,NULL,NULL,NULL),(72,'18112992','ARIEF TAUFIKU RACHMAN',12,1,2,29,NULL,NULL,NULL),(73,'04010904','ARIES NOPHIANTO',12,1,3,32,NULL,NULL,NULL),(74,'91110234','ASEP SETIAWAN',12,3,5,33,NULL,NULL,NULL),(75,'12092435','CANDRA BAGUS SETIAWAN',12,1,2,29,NULL,NULL,NULL),(76,'11121565','DANNY INDRA ARDHIANSYAH',12,1,2,29,NULL,NULL,NULL),(77,'18112994','DANY SETYAWAN',12,1,2,29,NULL,NULL,NULL),(78,'12092430','DAVID ONG PUTRA',12,2,3,32,NULL,NULL,NULL),(79,'98100653','F. RONNY SIGIT WASKITO',12,1,2,29,NULL,NULL,NULL),(80,'12091919','HERU SUBIYATKO',12,1,2,29,NULL,NULL,NULL),(81,'88090085','HUDIMAN',12,6,9,NULL,NULL,NULL,NULL),(82,'06049499','INDRA KUSUMAH',12,3,5,33,NULL,NULL,NULL),(83,'12092432','JAKA PRATAMA',12,1,2,29,NULL,NULL,NULL),(84,'12092193','JOKO WALUYO',12,1,2,29,NULL,NULL,NULL),(85,'11081532','LUKMANUL HAKIM',12,1,2,29,NULL,NULL,NULL),(86,'19023071','M. AGUNG PRASETYO',12,1,2,29,NULL,NULL,NULL),(87,'04010898','M. SULTONI',12,2,3,32,NULL,NULL,NULL),(88,'03090846','M. TONI RIFAI',12,3,5,33,NULL,NULL,NULL),(89,'10111449','MOHAMMAD FADIL',12,4,7,NULL,NULL,NULL,NULL),(90,'12081811','MUTOHIR',12,1,2,29,NULL,NULL,NULL),(91,'18123034','RAMDAN NURFAHMI',12,1,2,29,NULL,NULL,NULL),(92,'04060932','RAWAN',12,1,2,29,NULL,NULL,NULL),(93,'11081531','RIAN NURDIANSYAH',12,2,3,32,NULL,NULL,NULL),(94,'11121564','SAEFI FURQON',12,1,2,29,NULL,NULL,NULL),(95,'91050207','SAERIANTO',12,4,7,NULL,NULL,NULL,NULL),(96,'04010903','TAUFIK AZIS',12,2,3,32,NULL,NULL,NULL),(97,'88060081','TUGINO',12,4,7,NULL,NULL,NULL,NULL),(98,'06051064','WAWAN HERMAWAN',12,1,2,29,NULL,NULL,NULL),(99,'04010905','YULHENDRA',12,3,5,33,NULL,NULL,NULL),(100,'18052896','ABDUL AZIZ',7,1,2,20,NULL,NULL,NULL),(101,'08129696','ABDUL HADI',7,1,2,20,NULL,NULL,NULL),(102,'12081806','ABDUL LATIF',7,1,2,20,NULL,NULL,NULL),(103,'12091974','ABDUL WADA',7,1,2,20,NULL,NULL,NULL),(104,'18123019','ACHMAD JAENURI CHOLIL',7,1,2,20,NULL,NULL,NULL),(105,'95040507','ACHMAD RIFAI',7,1,2,20,NULL,NULL,NULL),(106,'18092947','ADAM AL BUCHORI',7,1,2,20,NULL,NULL,NULL),(107,'10075436','ADI SUPRIONO',7,1,2,20,NULL,NULL,NULL),(108,'03080841','ADIH LASMANA',7,1,2,20,NULL,NULL,NULL),(109,'19013045','ADIS HIDAYAT',7,1,2,20,NULL,NULL,NULL),(110,'18032861','ADITIYA RAMADHANI',7,1,2,20,NULL,NULL,NULL),(111,'18112971','ADITYA DZAKI EKO KRISNANTO',7,1,2,20,NULL,NULL,NULL),(112,'18123020','ADITYA NUGRAHA',7,1,2,20,NULL,NULL,NULL),(113,'06121099','AFIFUDIN',7,1,2,20,NULL,NULL,NULL),(114,'19013046','AGUNG PRIYONO',7,1,2,20,NULL,NULL,NULL),(115,'05080989','AGUS BUDIMAN',7,2,3,38,NULL,NULL,NULL),(116,'01100736','AGUS SUKARYA',7,2,3,38,NULL,NULL,NULL),(117,'98080641','AGUS SURYADI',7,2,3,38,NULL,NULL,NULL),(118,'03120866','AHMAD DASUKI',7,2,3,38,NULL,NULL,NULL),(119,'12091982','AHMAD FATARAI',7,1,2,20,NULL,NULL,NULL),(120,'18072918','AHMAD IRFANI',7,1,2,20,NULL,NULL,NULL),(121,'11071514','AHMAD MUKHTAROM',7,1,2,20,NULL,NULL,NULL),(122,'12101843','AHMAD ONENDI',7,1,2,20,NULL,NULL,NULL),(123,'08029616','ALAM AJI WICAKSONO',7,1,2,20,NULL,NULL,NULL),(124,'18022833','ALAM KURNIAWAN',7,1,2,20,NULL,NULL,NULL),(125,'10075421','ALDY YULIANTO',7,1,2,20,NULL,NULL,NULL),(126,'08109670','AMSORI',7,1,2,20,NULL,NULL,NULL),(127,'18092937','ANANDA AZZHAR SAEFUL MILLAH',7,1,2,20,NULL,NULL,NULL),(128,'12081824','ANDI PURNIANTO',7,1,2,20,NULL,NULL,NULL),(129,'12011631','ANDI YULI SAPUTRO',7,1,2,20,NULL,NULL,NULL),(130,'18112972','ANDRI NOVIAWAN',7,1,2,20,NULL,NULL,NULL),(131,'12091984','ARDANIH',7,1,2,20,NULL,NULL,NULL),(132,'12011603','ARI EFENDI',7,1,2,20,NULL,NULL,NULL),(133,'07071153','ARIEF FEBIANTO',7,1,2,20,NULL,NULL,NULL),(134,'18112973','ARIEF YUDI SETYAWAN',7,1,2,20,NULL,NULL,NULL),(135,'12092195','ARIS PURWANTO',7,1,2,20,NULL,NULL,NULL),(136,'07071151','ARISTYANTO',7,2,3,38,NULL,NULL,NULL),(137,'11071500','ASEP RAHMAN',7,1,2,20,NULL,NULL,NULL),(138,'18092952','AZIS RUBIYANTO',7,1,2,20,NULL,NULL,NULL),(139,'18052897','BANGKIT PRABOWO',7,1,2,20,NULL,NULL,NULL),(140,'10075439','BAYU ADITIYA KUSUMA',7,1,2,20,NULL,NULL,NULL),(141,'12102474','BEDI UBAIDILLAH',7,1,2,20,NULL,NULL,NULL),(142,'12011612','BEJO SLAMET',7,1,2,20,NULL,NULL,NULL),(143,'12091983','BUDIONO',7,1,2,20,NULL,NULL,NULL),(144,'18112981','CANDRA HANDIATNA',7,1,2,20,NULL,NULL,NULL),(145,'06061068','CECEP ALINURDIN',7,1,2,20,NULL,NULL,NULL),(146,'12091991','CECEP HARSONO',7,1,2,20,NULL,NULL,NULL),(147,'03120879','CECEP SUMIRAT',7,2,3,38,NULL,NULL,NULL),(148,'12091833','CHAMDI MUSTOFA',7,1,2,20,NULL,NULL,NULL),(149,'08109668','CHANDRA CHRISTIANTO',7,1,2,20,NULL,NULL,NULL),(150,'12091997','DADANG NURALAMSAH',7,1,2,20,NULL,NULL,NULL),(151,'12011591','DADI',7,1,2,20,NULL,NULL,NULL),(152,'19023059','DANY KURNIAWAN',7,1,2,20,NULL,NULL,NULL),(153,'12091931','DARMAWAN',7,1,2,20,NULL,NULL,NULL),(154,'12081804','DEDE SUJANA',7,1,2,20,NULL,NULL,NULL),(155,'19023060','DEDI SETIYAWAN',7,1,2,20,NULL,NULL,NULL),(156,'19013039','DENDI ROSADI',7,1,2,20,NULL,NULL,NULL),(157,'05060977','DENI ARYANDI',7,2,3,38,NULL,NULL,NULL),(158,'11101547','DENI PRAWIRA',7,1,2,20,NULL,NULL,NULL),(159,'97060604','DENNY FREDI',7,2,3,38,NULL,NULL,NULL),(160,'12071714','DESI ARIYANTO',7,1,2,20,NULL,NULL,NULL),(161,'12091980','DIDING SUMARDI',7,1,2,20,NULL,NULL,NULL),(162,'18022820','DIKI DWI ANDRIAN',7,1,2,20,NULL,NULL,NULL),(163,'12092004','DIKKY NURDIANSYAH',7,1,2,20,NULL,NULL,NULL),(164,'12091988','DUKI IRAWAN',7,1,2,20,NULL,NULL,NULL),(165,'12091958','DWI JATMIKA',7,1,2,20,NULL,NULL,NULL),(166,'18123026','DWI SUDARYANTO',7,1,2,20,NULL,NULL,NULL),(167,'18112982','DWI TOMY YANUAR',7,1,2,20,NULL,NULL,NULL),(168,'97080615','EDI MULYANA',7,1,2,20,NULL,NULL,NULL),(169,'12091978','EDI PURWANTO',7,1,2,20,NULL,NULL,NULL),(170,'18082931','EDI SAPUTRA',7,1,2,20,NULL,NULL,NULL),(171,'18022821','EDI SUKENDRO',7,1,2,20,NULL,NULL,NULL),(172,'12092008','EDI SUKISNO',7,1,2,20,NULL,NULL,NULL),(173,'97080607','EDI SUPRIADI BIN MASTU',7,2,3,38,NULL,NULL,NULL),(174,'11101552','EKO NUGROHO',7,1,2,20,NULL,NULL,NULL),(175,'03120887','EKO SUKRISTIANTO',7,1,2,20,NULL,NULL,NULL),(176,'02080772','ENANG SUPENA',7,2,3,38,NULL,NULL,NULL),(177,'11101551','FADLI',7,1,2,20,NULL,NULL,NULL),(178,'18052898','FADLOLI',7,1,2,20,NULL,NULL,NULL),(179,'18032862','FAHMI HIDAYATULLAH',7,1,2,20,NULL,NULL,NULL),(180,'18052899','FAHMY JULIANTO',7,1,2,20,NULL,NULL,NULL),(181,'18052900','FANNI ANDREAN',7,1,2,20,NULL,NULL,NULL),(182,'18082928','FATIHURROHMAN',7,1,2,20,NULL,NULL,NULL),(183,'11071526','FATKHU ROHMAN',7,1,2,20,NULL,NULL,NULL),(184,'12091973','FERY MAHARA',7,1,2,20,NULL,NULL,NULL),(185,'19013051','GATOT SUBROTO',7,1,2,20,NULL,NULL,NULL),(186,'08109669','HALASAN SUPRAPTO',7,1,2,20,NULL,NULL,NULL),(187,'11071520','HARDI YUDA',7,1,2,20,NULL,NULL,NULL),(188,'12091979','HARI MARYANTO SIRAIT',7,1,2,20,NULL,NULL,NULL),(189,'18022844','HARIANSYAH',7,1,2,20,NULL,NULL,NULL),(190,'12091976','HASANUDIN',7,1,2,20,NULL,NULL,NULL),(191,'03120873','HASANUDIN',7,1,2,20,NULL,NULL,NULL),(192,'18052901','HATA PRAYOGA',7,1,2,20,NULL,NULL,NULL),(193,'18082929','HENDIKA ARGA PRADESA',7,1,2,20,NULL,NULL,NULL),(194,'12091998','HENDRI NURHENDRI',7,1,2,20,NULL,NULL,NULL),(195,'07035146','HERI YANTO',7,1,2,20,NULL,NULL,NULL),(196,'10075429','HERIYANTO',7,1,2,20,NULL,NULL,NULL),(197,'03120882','HERMAN SUSANTO',7,2,3,38,NULL,NULL,NULL),(198,'12081821','HERU SUSANTO',7,1,2,20,NULL,NULL,NULL),(199,'95080547','HUMAEDI',7,2,3,38,NULL,NULL,NULL),(200,'18112998','ICHLASSUL AMAL MAULANA',7,1,2,20,NULL,NULL,NULL),(201,'92120315','IIK SODIKIN',7,1,2,20,NULL,NULL,NULL),(202,'18123027','IQBAL ASSEGAF',7,1,2,20,NULL,NULL,NULL),(203,'19013040','IRFAN ZULKARNAIN',7,1,2,20,NULL,NULL,NULL),(204,'07069563','ISHAK KUSUMA',7,1,2,20,NULL,NULL,NULL),(205,'12091966','IWAN FIRDAUS',7,1,2,20,NULL,NULL,NULL),(206,'03010799','JAMALISON',7,2,3,38,NULL,NULL,NULL),(207,'12091981','JAYADI',7,1,2,20,NULL,NULL,NULL),(208,'08109688','JENDI SATRIAWAN',7,1,2,20,NULL,NULL,NULL),(209,'04040922','JOKO SANTOSO',7,1,2,20,NULL,NULL,NULL),(210,'11071501','KARDI',7,1,2,20,NULL,NULL,NULL),(211,'03120876','KARTA',7,1,2,20,NULL,NULL,NULL),(212,'08049649','KUSTAMI MAELANA',7,2,3,38,NULL,NULL,NULL),(213,'12091993','LANJAR WIJIANTO',7,1,2,20,NULL,NULL,NULL),(214,'12081800','LILIS BUDIYANTO',7,1,2,20,NULL,NULL,NULL),(215,'18082932','M. ABDUL ROSYID',7,1,2,20,NULL,NULL,NULL),(216,'18022845','M. ARDHI BILLAH',7,1,2,20,NULL,NULL,NULL),(217,'18022822','M. HENDRA GUNAWAN',7,1,2,20,NULL,NULL,NULL),(218,'12091935','MAMAT RAHMAT',7,1,2,20,NULL,NULL,NULL),(219,'93040352','MAMBANGUL FAWAID',7,2,3,38,NULL,NULL,NULL),(220,'06031044','MARDIYONO',7,1,2,20,NULL,NULL,NULL),(221,'98030635','MARJUKI',7,2,3,38,NULL,NULL,NULL),(222,'12071726','MARSITOH SETYA AJI',7,1,2,20,NULL,NULL,NULL),(223,'18112985','MAS DARWIS',7,1,2,20,NULL,NULL,NULL),(224,'04020919','MASRUKIN',7,2,3,38,NULL,NULL,NULL),(225,'06011035','MAULANA',7,1,2,20,NULL,NULL,NULL),(226,'18022836','MIKO SETIAWAN',7,1,2,20,NULL,NULL,NULL),(227,'18123029','MISNO IWANOTO',7,1,2,20,NULL,NULL,NULL),(228,'19023062','MOHAMAD GINANJAR MAULANA',7,1,2,20,NULL,NULL,NULL),(229,'12091964','MUCHIDIN',7,1,2,20,NULL,NULL,NULL),(230,'98120659','MUHAEMIN JAENUDIN',7,2,3,38,NULL,NULL,NULL),(231,'18112986','MUHAMAD KHUSNAN NIROHIM',7,1,2,20,NULL,NULL,NULL),(232,'12092006','MUHAMAD NAZARUDIN',7,1,2,20,NULL,NULL,NULL),(233,'12071756','MUHAMAD VICKY ZULVIKAR',7,1,2,20,NULL,NULL,NULL),(234,'12071769','MUHAMMAD DIHYA KALBY',7,1,2,20,NULL,NULL,NULL),(235,'18022838','MUHAMMAD SEPUL MIHROJI',7,1,2,20,NULL,NULL,NULL),(236,'18123030','MUHAMMAD SYAMSUL ANAM',7,1,2,20,NULL,NULL,NULL),(237,'12011619','MULYADI',7,1,2,20,NULL,NULL,NULL),(238,'06091084','MURGITO',7,1,2,20,NULL,NULL,NULL),(239,'06049461','MUSLIH',7,1,2,20,NULL,NULL,NULL),(240,'11101553','MUTASOR',7,1,2,20,NULL,NULL,NULL),(241,'12092012','NAMAN',7,1,2,20,NULL,NULL,NULL),(242,'12092176','NANANG ABIDIN',7,1,2,20,NULL,NULL,NULL),(243,'08049651','NAWI',7,1,2,20,NULL,NULL,NULL),(244,'18022824','NUR KHOLIS',7,1,2,20,NULL,NULL,NULL),(245,'18032865','NURDIYA \'ULHAK',7,1,2,20,NULL,NULL,NULL),(246,'12091889','NURHANDONO',7,1,2,20,NULL,NULL,NULL),(247,'18092957','NURUL SAIPUDIN',7,1,2,20,NULL,NULL,NULL),(248,'92090291','OKAL MAMAN',7,1,2,20,NULL,NULL,NULL),(249,'18032879','OKKY BUDI PRASETYO',7,1,2,20,NULL,NULL,NULL),(250,'12091986','PERI IRAWAN',7,1,2,20,NULL,NULL,NULL),(251,'12081820','PONIJAN',7,1,2,20,NULL,NULL,NULL),(252,'03120890','PONIMAN',7,2,3,38,NULL,NULL,NULL),(253,'07069565','PONIMAN',7,1,2,20,NULL,NULL,NULL),(254,'18112975','PUJI ARIANTO',7,1,2,20,NULL,NULL,NULL),(255,'19013041','PUTRA SETIANTO',7,1,2,20,NULL,NULL,NULL),(256,'12091995','PUTUT UNTORO',7,1,2,20,NULL,NULL,NULL),(257,'11071505','QOMAR RIFA\'I',7,1,2,20,NULL,NULL,NULL),(258,'12091827','RACHMAD HIDAYAT',7,1,2,20,NULL,NULL,NULL),(259,'12071739','RAHMAD EFENDI',7,1,2,20,NULL,NULL,NULL),(260,'95090564','RAHMAT JUHARSA',7,1,2,20,NULL,NULL,NULL),(261,'03120863','RAHMATULLAH QOMAINI',7,2,3,38,NULL,NULL,NULL),(262,'18022839','RATONO',7,1,2,20,NULL,NULL,NULL),(263,'11071497','READI RIZKI',7,1,2,20,NULL,NULL,NULL),(264,'18052903','REDI MULYADI',7,1,2,20,NULL,NULL,NULL),(265,'11101550','RENALDHI',7,1,2,20,NULL,NULL,NULL),(266,'18022831','RENO SUKMANA RAHMAT',7,1,2,20,NULL,NULL,NULL),(267,'18032881','REVIN RISKYONO',7,1,2,20,NULL,NULL,NULL),(268,'18082933','RIDWAN EKO SRIYONO',7,1,2,20,NULL,NULL,NULL),(269,'18072924','RIEKZA ALFA SANAYA HASBULLAH',7,1,2,20,NULL,NULL,NULL),(270,'12091992','RIKI RUSMANA',7,1,2,20,NULL,NULL,NULL),(271,'18022825','RISWANTO IMAM WIJANARKO',7,1,2,20,NULL,NULL,NULL),(272,'10075444','ROIZ ABDULLAH',7,1,2,20,NULL,NULL,NULL),(273,'12081813','ROMLIH',7,1,2,20,NULL,NULL,NULL),(274,'19013056','RONI HABIBI',7,1,2,20,NULL,NULL,NULL),(275,'12092113','RUDI HANDOKO',7,1,2,20,NULL,NULL,NULL),(276,'12091968','SAIDI ARIS',7,1,2,20,NULL,NULL,NULL),(277,'12092005','SANDY NOVIA',7,1,2,20,NULL,NULL,NULL),(278,'19013042','SENO AGUS TRIYANTO',7,1,2,20,NULL,NULL,NULL),(279,'19013043','SLAMET NOFIYANTO',7,1,2,20,NULL,NULL,NULL),(280,'93060381','SOLEH',7,1,2,20,NULL,NULL,NULL),(281,'18082934','SONY DWI SAPUTRO',7,1,2,20,NULL,NULL,NULL),(282,'12081803','SUBUR',7,1,2,20,NULL,NULL,NULL),(283,'12021644','SUDIRMAN',7,2,3,38,NULL,NULL,NULL),(284,'12091990','SUHERMAN',7,1,2,20,NULL,NULL,NULL),(285,'05080985','SUKATNO',7,2,3,38,NULL,NULL,NULL),(286,'12091987','SUKIRDI',7,1,2,20,NULL,NULL,NULL),(287,'12101842','SUTRISNO',7,1,2,20,NULL,NULL,NULL),(288,'12092406','SUYADI',7,1,2,20,NULL,NULL,NULL),(289,'06129536','SUYANTO',7,2,3,38,NULL,NULL,NULL),(290,'08049652','SUYONGGO',7,1,2,20,NULL,NULL,NULL),(291,'12092172','TAHIR',7,1,2,20,NULL,NULL,NULL),(292,'06049457','TAUFIK HIDAYATULLAH',7,1,2,20,NULL,NULL,NULL),(293,'18082946','TAUFIK IQBAL',7,1,2,20,NULL,NULL,NULL),(294,'04090944','TRI MARYANTO',7,1,2,20,NULL,NULL,NULL),(295,'18112977','TRI WAHYUDI',7,1,2,20,NULL,NULL,NULL),(296,'12071755','TRI WIBOWO PAMUNGKAS',7,1,2,20,NULL,NULL,NULL),(297,'07071152','TRIYONO',7,1,2,20,NULL,NULL,NULL),(298,'18092960','TRYO ADI SAPUTRO',7,1,2,20,NULL,NULL,NULL),(299,'18112978','TULUS BUDIYONO',7,1,2,20,NULL,NULL,NULL),(300,'10075435','UMAR DENI',7,1,2,20,NULL,NULL,NULL),(301,'18112979','WAHID PRASETYO',7,1,2,20,NULL,NULL,NULL),(302,'18113016','WAHIDUN RIZAL',7,1,2,20,NULL,NULL,NULL),(303,'12091970','WAHYUDI',7,1,2,20,NULL,NULL,NULL),(304,'18022841','WAJHAHLUL KOMAR',7,1,2,20,NULL,NULL,NULL),(305,'18112987','WAJIDIN AGUS SUSANTO',7,1,2,20,NULL,NULL,NULL),(306,'10075447','WANDY BUDIAWAN',7,1,2,20,NULL,NULL,NULL),(307,'18032883','WINTORO',7,1,2,20,NULL,NULL,NULL),(308,'12091962','YADI TARYADI',7,1,2,20,NULL,NULL,NULL),(309,'12091963','YASIN',7,1,2,20,NULL,NULL,NULL),(310,'12081802','YESMAN SAEPUDIN',7,1,2,20,NULL,NULL,NULL),(311,'18072908','YOSHUA ANUGRAH PANGGABEAN',7,1,2,20,NULL,NULL,NULL),(312,'08029603','YULIANTO',7,1,2,20,NULL,NULL,NULL),(313,'18082935','YULIANTO BAYU AGUS PRASETYO',7,1,2,20,NULL,NULL,NULL),(314,'12091975','ZAENAL ARIFIN',7,1,2,20,NULL,NULL,NULL),(315,'18022827','ZUBAIDI LATIF',7,1,2,20,NULL,NULL,NULL),(316,'12091994','ZULFIK HERMAWAN',7,1,2,20,NULL,NULL,NULL),(317,'07051128','ZULKIFLI',7,1,2,20,NULL,NULL,NULL),(319,'12092010','ABDUL MUHYI',7,1,2,20,NULL,NULL,NULL),(320,'12092177','AGUS SANTOSO',7,1,2,20,NULL,NULL,NULL),(321,'12011583','AHMAD ZULKARNAIN',7,1,2,20,NULL,NULL,NULL),(322,'06049468','ARI WIDODO',7,1,2,20,NULL,NULL,NULL),(323,'08029629','BUDI HANDOKO',7,1,2,20,NULL,NULL,NULL),(324,'09019704','BUDI SANTOSO',7,1,2,20,NULL,NULL,NULL),(325,'08029634','ENDANG RANUWIJAYA',7,1,2,20,NULL,NULL,NULL),(326,'05080986','HAMBALI',7,1,2,20,NULL,NULL,NULL),(327,'12092009','IA SETIAWAN',7,1,2,20,NULL,NULL,NULL),(328,'07075232','IRWAN SAPUTRA',7,1,2,20,NULL,NULL,NULL),(329,'07075226','JAJANG RUSMANA',7,1,2,20,NULL,NULL,NULL),(330,'07075227','JULI ANENDA NUGRAHA',7,1,2,20,NULL,NULL,NULL),(331,'06041054','KARTALIM BIN ULIM',7,1,2,20,NULL,NULL,NULL),(332,'06041055','M. FERRY KURNIAWAN',7,2,3,44,NULL,NULL,NULL),(333,'05019373','MULYANTO',7,1,2,20,NULL,NULL,NULL),(334,'12011585','NARDI',7,1,2,20,NULL,NULL,NULL),(335,'05060980','NIA KURNIAWAN',7,2,3,44,NULL,NULL,NULL),(336,'90070157','POSMAN SARAGI',7,1,2,20,NULL,NULL,NULL),(337,'08029633','PUTHUT JANGKUNG ARIBOWO',7,1,2,20,NULL,NULL,NULL),(338,'12092123','SEPTIAN RAGIL',7,1,2,20,NULL,NULL,NULL),(339,'12011584','SIGIT PURWAKA',7,1,2,20,NULL,NULL,NULL),(340,'93070397','SUKRI',7,1,2,20,NULL,NULL,NULL),(341,'91110231','SURYADI',7,1,2,20,NULL,NULL,NULL),(342,'06041056','YULIYANTO',7,2,3,44,NULL,NULL,NULL),(343,'18072917','MAY HERAWATI',1,2,4,7,NULL,NULL,NULL),(344,'07061143','AHMADI',7,3,5,41,NULL,NULL,NULL),(345,'95070521','BADRI',7,3,5,41,NULL,NULL,NULL),(346,'97080608','DJAMALUDIN',7,3,5,41,NULL,NULL,NULL),(347,'05060981','EKO SANTOSO',7,3,5,41,NULL,NULL,NULL),(348,'05080987','FAJAR SULISTYO NUGROHO',7,3,5,41,NULL,NULL,NULL),(349,'97080612','GUNAWAN WIBIKSANA',7,3,5,41,NULL,NULL,NULL),(350,'93010325','HERU BUDIANTO',7,3,5,41,NULL,NULL,NULL),(351,'95070526','JUWAKA',7,3,5,41,NULL,NULL,NULL),(352,'93050376','KARSA',7,3,5,41,NULL,NULL,NULL),(353,'93010323','NONO SUTIONO',7,3,5,41,NULL,NULL,NULL),(354,'90070155','ONDA DANANJAYA',7,3,5,41,NULL,NULL,NULL),(355,'98080639','RIYADI',7,3,5,41,NULL,NULL,NULL),(356,'94010471','UNTUNG SUGIARTO',7,3,5,41,NULL,NULL,NULL),(357,'02120794','EDUARDUS YUPITER TAPOBALI',7,5,8,NULL,NULL,NULL,NULL),(358,'11121562','FAHRUR AZIS',7,4,7,41,NULL,NULL,NULL),(359,'00040693','HERY GUNAWAN',7,6,9,NULL,NULL,NULL,NULL),(360,'08029630','HUDIA DHARMA NADEAK',7,2,4,NULL,NULL,NULL,NULL),(361,'93070411','LESAH',7,4,7,41,NULL,NULL,NULL),(362,'03120871','WISNU KUNCORO',7,2,4,NULL,NULL,NULL,NULL),(363,'00080704','Y. ISMANTA',7,5,8,NULL,NULL,NULL,NULL),(364,'13052706','AHMAD SYARIFUDIN',22,4,NULL,NULL,NULL,NULL,NULL),(365,'08011173','LINNA HAPSARI',22,4,NULL,NULL,NULL,NULL,NULL),(366,'03080832','JIMAN',7,3,5,41,NULL,NULL,NULL),(367,'12091942','A. AZWAR ANAS',9,1,2,98,NULL,NULL,NULL),(368,'12092063','AAD HADIAN',9,1,2,98,NULL,NULL,NULL),(369,'12092076','AAN ANO',9,1,2,98,NULL,NULL,NULL),(370,'19013035','ABDUL AZIS',9,1,2,98,NULL,NULL,NULL),(371,'18112988','ABDUL KHARISQIANTO',9,1,2,98,NULL,NULL,NULL),(372,'07075236','ABDUL RAHMAN',9,1,2,98,NULL,NULL,NULL),(373,'93070412','ABDUL ROJAK',9,4,7,NULL,NULL,NULL,NULL),(374,'02090780','RISKA HARYADI',9,7,9,NULL,NULL,NULL,NULL),(375,'0890890891','test employe 4',5,3,2,10,NULL,NULL,NULL),(376,'92100301','INDIRA PUSPA GUSTIAH',1,8,17,122,NULL,NULL,NULL);
/*!40000 ALTER TABLE `employes` ENABLE KEYS */;
UNLOCK TABLES;

--
-- Table structure for table `groups`
--

DROP TABLE IF EXISTS `groups`;
/*!40101 SET @saved_cs_client     = @@character_set_client */;
/*!40101 SET character_set_client = utf8 */;
CREATE TABLE `groups` (
  `id` int(10) unsigned NOT NULL AUTO_INCREMENT,
  `name` varchar(255) COLLATE utf8mb4_unicode_ci NOT NULL,
  `description` text COLLATE utf8mb4_unicode_ci,
  `created_at` timestamp NULL DEFAULT NULL,
  `updated_at` timestamp NULL DEFAULT NULL,
  `deleted_at` timestamp NULL DEFAULT NULL,
  PRIMARY KEY (`id`)
) ENGINE=InnoDB AUTO_INCREMENT=4 DEFAULT CHARSET=utf8mb4 COLLATE=utf8mb4_unicode_ci;
/*!40101 SET character_set_client = @saved_cs_client */;

--
-- Dumping data for table `groups`
--

LOCK TABLES `groups` WRITE;
/*!40000 ALTER TABLE `groups` DISABLE KEYS */;
INSERT INTO `groups` VALUES (1,'admin',NULL,NULL,NULL,NULL),(2,'Personnel Affair',NULL,NULL,NULL,NULL),(3,'Participant',NULL,NULL,NULL,NULL);
/*!40000 ALTER TABLE `groups` ENABLE KEYS */;
UNLOCK TABLES;

--
-- Table structure for table `informations`
--

DROP TABLE IF EXISTS `informations`;
/*!40101 SET @saved_cs_client     = @@character_set_client */;
/*!40101 SET character_set_client = utf8 */;
CREATE TABLE `informations` (
  `id` int(11) NOT NULL AUTO_INCREMENT,
  `title` varchar(120) NOT NULL,
  `type` enum('PUBLIC','RESTRICTED') NOT NULL,
  `content` longtext NOT NULL,
  `position` int(11) DEFAULT NULL,
  `created_at` datetime DEFAULT NULL,
  `created_by` int(11) DEFAULT NULL,
  `updated_at` datetime DEFAULT NULL,
  `updated_by` int(11) DEFAULT NULL,
  `deleted_at` datetime DEFAULT NULL,
  `deleted_by` int(11) DEFAULT NULL,
  PRIMARY KEY (`id`)
) ENGINE=InnoDB AUTO_INCREMENT=4 DEFAULT CHARSET=latin1;
/*!40101 SET character_set_client = @saved_cs_client */;

--
-- Dumping data for table `informations`
--

LOCK TABLES `informations` WRITE;
/*!40000 ALTER TABLE `informations` DISABLE KEYS */;
INSERT INTO `informations` VALUES (1,' Lorem Ipsum','RESTRICTED','<p align=\"left\"><strong>Lorem Ipsum</strong> is simply <span style=\"background-color: rgb(255, 255, 0);\">dummy</span> text of the <u>printing</u> and \r\n<span style=\"background-color: rgb(255, 255, 0);\"><span style=\"font-family: \" courier=\"\" new\";\"=\"\">typesetting</span></span> industry. There are many variations of passages of Lorem Ipsum available, but the \r\nmajority have suffered alteration in some form, by injected humour, or \r\nrandomised words which don\'t look even slightly believable. If you are \r\ngoing to use a passage of Lorem Ipsum, you need to be sure there isn\'t \r\nanything embarrassing hidden in the middle of text. All the Lorem Ipsum \r\ngenerators on the Internet tend to repeat predefined chunks as \r\nnecessary, making this the first true generator on the Internet. It uses\r\n a dictionary of over 200 Latin words, combined with a handful of model \r\nsentence structures, to generate Lorem Ipsum which looks reasonable. The\r\n generated Lorem Ipsum is therefore always free from <span style=\"background-color: rgb(107, 173, 222);\">repetition</span>, \r\n<b><u>injected humour</u></b>, or non-characteristic words etc.</p><ol><li>&nbsp;<span style=\"background-color: rgb(140, 123, 198);\">abcd</span></li><li><span style=\"background-color: rgb(140, 123, 198);\">efgh</span></li><li>ijkl</li><li>mno</li><li><span style=\"background-color: rgb(255, 0, 0);\">pqr</span></li><li>stu</li><li>vwx</li><li>yz</li></ol><p><br></p><ul><li>asd</li><li>das</li><li><span style=\"background-color: rgb(255, 0, 0);\"><span style=\"color: rgb(148, 189, 123);\">asd</span></span></li><li>asd<br></li></ul><table class=\"table table-bordered\"><tbody><tr><td><b>No<br></b></td><td><b>Tambah<br></b></td><td><b>Lihat<br></b></td><td><b>Edit<br></b></td><td><b>Delete<br></b></td></tr><tr><td>1<br></td><td>plus<br></td><td>see<br></td><td>edit<br></td><td>del<br></td></tr><tr><td>2<br></td><td>pluss<br></td><td>seee<br></td><td>editt<br></td><td>dell<br></td></tr><tr><td>3<br></td><td>plusss<br></td><td>seeee<br></td><td>edittt<br></td><td>delll<br></td></tr></tbody></table><p><br></p>',NULL,'2020-01-12 23:19:50',6011029,'2020-01-14 10:26:21',6011029,NULL,NULL),(2,'Lorsky','RESTRICTED','<p>There are many variations of passages of Lorem Ipsum available, but the \r\nmajority have suffered alteration in some form, by injected humour, or \r\nrandomised words which don\'t look even slightly <u><b>believable</b></u>. If you are \r\ngoing to use a passage of Lorem Ipsum, you need to be sure there isn\'t \r\nanything embarrassing hidden in the middle of text. All the Lorem Ipsum \r\ngenerators on the Internet tend to repeat predefined chunks as \r\nnecessary, making this the first true generator on the Internet. It uses\r\n a dictionary of over 200 Latin words, combined with a handful of model \r\nsentence structures, to generate Lorem Ipsum which looks reasonable. The\r\n generated Lorem Ipsum is therefore always free from repetition, \r\ninjected humour, or non-characteristic words etc.</p>',NULL,'2020-01-14 10:29:56',6011029,'2020-01-14 10:31:15',6011029,NULL,NULL),(3,'Information Example','PUBLIC','<p>It is a long <b>established</b> fact that a reader will be <span style=\"background-color: inherit;\">distracted</span> by the \r\nreadable content of a page when looking at its layout. The point of \r\nusing Lorem Ipsum is that it has a more-or-less normal distribution of \r\nletters, as opposed to using \'Content here, content here\', making it \r\nlook like readable English. Many desktop publishing packages and web \r\npage editors now use Lorem Ipsum as their default model text, and a \r\nsearch for \'lorem ipsum\' will uncover many web sites still in their \r\ninfancy. Various versions have evolved over the years, sometimes by \r\naccident, sometimes on purpose (injected humour and the like).</p>',NULL,'2020-01-21 14:02:43',123456,NULL,NULL,NULL,NULL);
/*!40000 ALTER TABLE `informations` ENABLE KEYS */;
UNLOCK TABLES;

--
-- Table structure for table `job_groups`
--

DROP TABLE IF EXISTS `job_groups`;
/*!40101 SET @saved_cs_client     = @@character_set_client */;
/*!40101 SET character_set_client = utf8 */;
CREATE TABLE `job_groups` (
  `id` int(11) unsigned NOT NULL AUTO_INCREMENT,
  `name` varchar(255) NOT NULL,
  `code` varchar(255) DEFAULT NULL,
  `created_at` timestamp NULL DEFAULT NULL,
  `updated_at` timestamp NULL DEFAULT NULL,
  `deleted_at` timestamp NULL DEFAULT NULL,
  PRIMARY KEY (`id`)
) ENGINE=InnoDB AUTO_INCREMENT=9 DEFAULT CHARSET=utf8;
/*!40101 SET character_set_client = @saved_cs_client */;

--
-- Dumping data for table `job_groups`
--

LOCK TABLES `job_groups` WRITE;
/*!40000 ALTER TABLE `job_groups` DISABLE KEYS */;
INSERT INTO `job_groups` VALUES (1,'Grade I Direct','G1D','2019-03-13 13:10:23','2019-03-13 13:10:26',NULL),(2,'Grade I Indirect','G1I','2019-03-18 12:59:11','2019-03-18 12:59:14',NULL),(3,'Grade I Office','G1O','2019-03-18 12:59:17','2019-03-18 12:59:20',NULL),(4,'Grade II Direct','G2D','2019-04-29 00:14:35','2019-04-29 00:14:35',NULL),(5,'Grade II Indirect','G2I','2019-04-29 00:14:35','2019-04-29 00:14:35',NULL),(6,'Grade II Office','G2O','2019-04-29 00:14:35','2019-04-29 00:14:35',NULL),(7,'Grade III Indeirect','G3I','2019-04-29 00:14:35','2019-04-29 00:14:35',NULL),(8,'Grade III Office','G3O','2019-04-29 00:14:35','2019-04-29 00:14:35',NULL);
/*!40000 ALTER TABLE `job_groups` ENABLE KEYS */;
UNLOCK TABLES;

--
-- Table structure for table `job_title_group`
--

DROP TABLE IF EXISTS `job_title_group`;
/*!40101 SET @saved_cs_client     = @@character_set_client */;
/*!40101 SET character_set_client = utf8 */;
CREATE TABLE `job_title_group` (
  `id` int(11) NOT NULL AUTO_INCREMENT,
  `name` varchar(255) NOT NULL,
  PRIMARY KEY (`id`)
) ENGINE=InnoDB AUTO_INCREMENT=4 DEFAULT CHARSET=latin1;
/*!40101 SET character_set_client = @saved_cs_client */;

--
-- Dumping data for table `job_title_group`
--

LOCK TABLES `job_title_group` WRITE;
/*!40000 ALTER TABLE `job_title_group` DISABLE KEYS */;
INSERT INTO `job_title_group` VALUES (1,'Direct Produksi'),(2,'Indirect Produksi'),(3,'Indirect Office');
/*!40000 ALTER TABLE `job_title_group` ENABLE KEYS */;
UNLOCK TABLES;

--
-- Table structure for table `job_titles`
--

DROP TABLE IF EXISTS `job_titles`;
/*!40101 SET @saved_cs_client     = @@character_set_client */;
/*!40101 SET character_set_client = utf8 */;
CREATE TABLE `job_titles` (
  `id` int(11) unsigned NOT NULL AUTO_INCREMENT,
  `name` varchar(255) NOT NULL,
  `position_id` int(11) DEFAULT NULL,
  `section` int(11) DEFAULT NULL,
  `group` int(11) DEFAULT NULL,
  PRIMARY KEY (`id`)
) ENGINE=InnoDB AUTO_INCREMENT=123 DEFAULT CHARSET=utf8;
/*!40101 SET character_set_client = @saved_cs_client */;

--
-- Dumping data for table `job_titles`
--

LOCK TABLES `job_titles` WRITE;
/*!40000 ALTER TABLE `job_titles` DISABLE KEYS */;
INSERT INTO `job_titles` VALUES (1,'Training Staff',2,1,3),(2,'Assesment Senior Staff ',4,1,3),(3,'Compensation & Benefit Senior Staff ',4,1,3),(4,'Recruitment Planner ',5,1,3),(5,'Compensation & Benefit Foreman ',5,1,3),(6,'Training Foreman ',5,1,3),(7,'Training Senior Staff',4,1,3),(8,'Warehouse Operator',1,6,2),(9,'PPIC Staff',2,3,3),(10,'Logistic Staff',2,5,3),(11,'Welding Operator',1,7,1),(12,'Welding Operator',1,9,1),(13,'Welding Operator',1,10,1),(14,'Machining Operator',1,7,1),(15,'Machining Operator',1,9,1),(16,'Machining Operator',1,10,1),(17,'Tack Weld Operator',1,7,1),(18,'Tack Weld Operator',1,9,1),(19,'Tack Weld Operator',1,10,1),(20,'Administration Staff',2,7,2),(21,'IT Staff ',2,24,3),(22,'IT Senior Staff',4,24,3),(23,'IT Planner',6,24,3),(24,'IR Staff',2,21,3),(25,'Legal Senior Staff',4,21,3),(26,'General Affairs Staff',2,22,3),(27,'Generail Affairs Senior Staff',4,22,3),(28,'General Affairs Foreman',5,22,3),(29,'QC Inspector ',1,12,2),(30,'QC Inspector',1,13,2),(32,'QC Group leader',3,12,2),(33,'QC Foreman',5,12,2),(34,'QC Foreman',5,13,2),(35,'Design Staff',2,19,3),(36,'Design Senior Staff',4,19,3),(37,'Design Planner',6,19,3),(38,'Welding Group Leader',3,7,1),(39,'Welding Group Leader',3,9,1),(40,'Welding Group Leader',3,10,1),(41,'Welding Group Foreman',5,7,1),(42,'Welding Group Foreman',5,9,1),(43,'Welding Group Foreman',5,10,1),(44,'Machining Group leader',3,7,1),(45,'Machining Group leader',3,9,1),(46,'Machining Group leader',3,10,1),(47,'Machining Foreman',5,7,1),(48,'Machining Foreman',3,9,1),(49,'Machining Foreman',5,10,1),(50,'PPIC Staff',2,4,3),(52,'Blasting & Painting Operator',1,9,NULL),(53,'Assembly Operator',1,9,NULL),(54,'Customer Support Admin Staff',2,NULL,NULL),(55,'PE Staff',2,16,NULL),(56,'Parts Control',2,NULL,NULL),(57,'Teknisi',2,18,NULL),(58,'Maintenance Building ',2,NULL,NULL),(59,'Design Staff ',2,NULL,NULL),(60,'Procurement Staff ',2,23,NULL),(61,'Accounting Staff ',2,26,NULL),(63,'PPIC Senior Staff',4,NULL,NULL),(64,'PPIC Group Leader',3,NULL,NULL),(65,'Warehouse Group Leader',3,NULL,NULL),(66,'Logistic Senior Staff ',4,5,NULL),(67,'Quality Watcher Group Leader ',3,10,NULL),(68,'Painting Group Leader ',3,NULL,NULL),(69,'Blasting Group Leader',3,NULL,NULL),(70,'Assembly Group Leader',3,9,NULL),(71,'QC Group Leader ',3,13,2),(72,'Safety & Environment Senior Staff ',4,14,NULL),(73,'PE Senior Staff ',4,16,NULL),(74,'Teknisi Leader',3,18,NULL),(75,'IR Senior Staff ',4,21,NULL),(76,'Procurement Senior Staff ',4,23,NULL),(77,'Accounting Senior Staff ',4,26,NULL),(78,'Finance Senior Staff ',4,25,NULL),(79,'PPIC Foreman',5,NULL,NULL),(80,'Warehouse Foreman ',5,NULL,NULL),(81,'Logistic Planner ',6,5,NULL),(82,'Blasting & Painting Foreman',5,9,NULL),(83,'Assembly Foreman ',5,9,NULL),(84,'Quality Watcher Foreman',5,7,1),(85,'Safety & Environment Foreman ',5,14,NULL),(86,'PE Foreman ',5,16,NULL),(87,'Teknisi Foreman',5,NULL,NULL),(88,'Procurement Foreman ',5,23,NULL),(89,'Accounting Planner ',6,26,NULL),(90,'Tax & Research Planner ',6,27,NULL),(91,'Recruitment Planner ',6,NULL,NULL),(92,'PE Staff',2,15,NULL),(93,'PE Staff',1,15,NULL),(94,'PE Senior Staff ',4,15,NULL),(95,'PE Foreman ',5,15,NULL),(96,'Tack Weld Group Leader',3,7,1),(97,'Quality Watcher Group Leader',3,7,1),(98,'Administration Staff ',2,9,1),(99,'Blasting & Painting Foreman',5,10,NULL),(100,'Administration Staff ',2,11,NULL),(101,'Quality Plan & Audit Foreman',3,11,NULL),(102,'Safety & Environment Senior Staff ',4,8,NULL),(103,'Safety & Environment Foreman ',5,8,NULL),(104,'Administration & Part Control',5,18,NULL),(105,'Administration Staff ',2,10,NULL),(106,'Blasting & Painting Operator ',1,10,NULL),(107,'Assembly Operator',1,10,NULL),(108,'Quality Watcher Operator ',1,10,NULL),(109,'Assembly Group Leader',3,10,NULL),(110,'Welding Foreman ',5,10,NULL),(111,'Quality Watcher Foreman',5,10,NULL),(112,'Assembly Foreman ',5,10,NULL),(120,'Design Staff',1,33,1),(121,'1',4,NULL,NULL),(122,'Human Resource General Manager',17,36,NULL);
/*!40000 ALTER TABLE `job_titles` ENABLE KEYS */;
UNLOCK TABLES;

--
-- Table structure for table `log_auth`
--

DROP TABLE IF EXISTS `log_auth`;
/*!40101 SET @saved_cs_client     = @@character_set_client */;
/*!40101 SET character_set_client = utf8 */;
CREATE TABLE `log_auth` (
  `nik` varchar(11) NOT NULL,
  `last_login` datetime NOT NULL
) ENGINE=InnoDB DEFAULT CHARSET=latin1;
/*!40101 SET character_set_client = @saved_cs_client */;

--
-- Dumping data for table `log_auth`
--

LOCK TABLES `log_auth` WRITE;
/*!40000 ALTER TABLE `log_auth` DISABLE KEYS */;
INSERT INTO `log_auth` VALUES ('06011029','2020-01-14 13:36:29'),('123456','2020-01-14 13:51:25'),('06011029','2020-01-14 13:53:04'),('06011029','2020-01-14 16:50:45'),('18072917','2020-01-14 17:27:47'),('123456','2020-01-14 17:34:47'),('123456','2020-01-14 17:36:14'),('08051214','2020-01-14 17:37:28'),('123456','2020-01-14 18:57:55'),('123456','2020-01-14 22:30:59'),('123456','2020-01-14 22:34:19'),('123456','2020-01-15 05:47:01'),('18072917','2020-01-15 06:16:41'),('08051214','2020-01-15 06:17:05'),('18072917','2020-01-15 06:18:29'),('06011029','2020-01-15 06:20:21'),('123456','2020-01-15 18:48:10'),('08051214','2020-01-15 18:54:33'),('08051214','2020-01-15 22:24:07'),('08051214','2020-01-15 22:38:26'),('18072917','2020-01-15 22:48:24'),('06011029','2020-01-15 22:54:49'),('08051214','2020-01-15 22:59:57'),('06011029','2020-01-17 05:46:11'),('06011029','2020-01-17 05:52:45'),('123456','2020-01-17 05:54:23'),('06011029','2020-01-17 06:02:04'),('06011029','2020-01-17 09:26:53'),('06011029','2020-01-17 11:25:47'),('18072917','2020-01-17 13:07:51'),('02090780','2020-01-17 13:08:22'),('88010068','2020-01-17 13:21:02'),('06011029','2020-01-17 13:46:46'),('88010068','2020-01-17 14:05:58'),('06011029','2020-01-17 14:07:34'),('08051214','2020-01-17 14:10:23'),('88010068','2020-01-17 14:10:39'),('88010068','2020-01-17 14:13:56'),('06011029','2020-01-17 14:14:17'),('18072917','2020-01-17 15:56:50'),('88010068','2020-01-21 10:57:27'),('06011029','2020-01-21 10:58:31'),('88010068','2020-01-21 11:00:17'),('06011029','2020-01-21 11:00:36'),('88010068','2020-01-21 11:07:51'),('06011029','2020-01-21 11:13:19'),('06011029','2020-01-21 11:16:09'),('88010068','2020-01-21 11:20:22'),('06011029','2020-01-21 11:45:16'),('18072917','2020-01-21 11:46:57'),('06011029','2020-01-21 11:48:33'),('06011029','2020-01-21 11:58:34'),('06011029','2020-01-21 12:00:04'),('08051214','2020-01-21 13:13:00'),('123456','2020-01-21 14:00:34'),('08051214','2020-01-21 14:32:49'),('88010068','2020-01-21 14:34:09'),('08051214','2020-01-21 14:37:34'),('06011029','2020-01-21 17:48:32'),('88010068','2020-01-21 18:04:54'),('123456','2020-01-23 23:00:49'),('123456','2020-01-24 05:44:16'),('88010068','2020-01-24 09:06:40'),('06011029','2020-01-24 09:09:38'),('123456','2020-01-24 09:10:02'),('88010068','2020-01-24 09:10:28'),('123456','2020-01-24 09:10:45'),('88010068','2020-01-24 09:11:51'),('06011029','2020-01-24 09:12:10'),('08051214','2020-01-24 09:13:06'),('12031664','2020-01-24 09:25:05'),('08051214','2020-01-24 09:37:26'),('12031664','2020-01-24 13:52:56'),('123456','2020-01-24 14:02:28'),('12031664','2020-01-24 14:04:37'),('08051214','2020-01-24 14:07:42'),('12031664','2020-01-24 16:13:03'),('88010068','2020-01-24 16:13:15'),('12031664','2020-01-25 10:24:48'),('88010068','2020-01-25 10:25:07'),('06011029','2020-01-27 15:26:47'),('123456','2020-01-29 11:17:01'),('92100301','2020-01-29 12:25:52'),('12031664','2020-01-29 12:27:57'),('08051214','2020-01-29 12:29:13'),('92100301','2020-01-29 12:30:49'),('92100301','2020-01-29 12:54:18'),('92100301','2020-01-29 12:56:08'),('92100301','2020-01-29 12:56:28'),('92100301','2020-01-29 13:04:02'),('12031664','2020-01-29 13:42:45'),('123456','2020-01-29 13:43:49'),('123456','2020-01-29 13:44:22'),('08051214','2020-01-29 13:47:05'),('12031664','2020-01-29 13:47:22'),('08051214','2020-01-29 13:48:07'),('92100301','2020-01-29 13:49:24'),('88010068','2020-01-29 14:12:19');
/*!40000 ALTER TABLE `log_auth` ENABLE KEYS */;
UNLOCK TABLES;

--
-- Table structure for table `migrations`
--

DROP TABLE IF EXISTS `migrations`;
/*!40101 SET @saved_cs_client     = @@character_set_client */;
/*!40101 SET character_set_client = utf8 */;
CREATE TABLE `migrations` (
  `id` int(10) unsigned NOT NULL AUTO_INCREMENT,
  `migration` varchar(255) COLLATE utf8mb4_unicode_ci NOT NULL,
  `batch` int(11) NOT NULL,
  PRIMARY KEY (`id`)
) ENGINE=InnoDB AUTO_INCREMENT=6 DEFAULT CHARSET=utf8mb4 COLLATE=utf8mb4_unicode_ci;
/*!40101 SET character_set_client = @saved_cs_client */;

--
-- Dumping data for table `migrations`
--

LOCK TABLES `migrations` WRITE;
/*!40000 ALTER TABLE `migrations` DISABLE KEYS */;
INSERT INTO `migrations` VALUES (1,'2014_10_12_000000_create_groups_and_users_table',1),(2,'2018_11_30_143640_create_competence_books_table',1),(3,'2018_12_01_173802_create_skill_unit_table',1),(4,'2019_03_07_164659_create_skilltypes_table',2),(5,'2019_03_11_044814_create_table_skill_matrix',3);
/*!40000 ALTER TABLE `migrations` ENABLE KEYS */;
UNLOCK TABLES;

--
-- Table structure for table `poin_grades`
--

DROP TABLE IF EXISTS `poin_grades`;
/*!40101 SET @saved_cs_client     = @@character_set_client */;
/*!40101 SET character_set_client = utf8 */;
CREATE TABLE `poin_grades` (
  `id` int(11) NOT NULL AUTO_INCREMENT,
  `grade` tinyint(4) NOT NULL,
  `bottom_limit` double(5,2) NOT NULL,
  `top_limit` double(5,2) NOT NULL,
  `created_at` timestamp NULL DEFAULT NULL,
  `updated_at` timestamp NULL DEFAULT NULL,
  PRIMARY KEY (`id`)
) ENGINE=InnoDB AUTO_INCREMENT=6 DEFAULT CHARSET=latin1;
/*!40101 SET character_set_client = @saved_cs_client */;

--
-- Dumping data for table `poin_grades`
--

LOCK TABLES `poin_grades` WRITE;
/*!40000 ALTER TABLE `poin_grades` DISABLE KEYS */;
INSERT INTO `poin_grades` VALUES (1,1,1.00,100.00,NULL,NULL),(2,2,101.00,200.00,NULL,NULL),(3,3,201.00,300.00,NULL,NULL),(4,4,301.00,400.00,NULL,NULL),(5,5,401.00,500.00,NULL,NULL);
/*!40000 ALTER TABLE `poin_grades` ENABLE KEYS */;
UNLOCK TABLES;

--
-- Table structure for table `positions`
--

DROP TABLE IF EXISTS `positions`;
/*!40101 SET @saved_cs_client     = @@character_set_client */;
/*!40101 SET character_set_client = utf8 */;
CREATE TABLE `positions` (
  `id` int(11) unsigned NOT NULL AUTO_INCREMENT,
  `name` varchar(255) DEFAULT NULL,
  `grade` int(11) DEFAULT NULL,
  `section_id` int(11) DEFAULT NULL,
  `created_at` timestamp NULL DEFAULT NULL,
  `updated_at` timestamp NULL DEFAULT NULL,
  `deleted_at` timestamp NULL DEFAULT NULL,
  PRIMARY KEY (`id`)
) ENGINE=InnoDB AUTO_INCREMENT=18 DEFAULT CHARSET=utf8;
/*!40101 SET character_set_client = @saved_cs_client */;

--
-- Dumping data for table `positions`
--

LOCK TABLES `positions` WRITE;
/*!40000 ALTER TABLE `positions` DISABLE KEYS */;
INSERT INTO `positions` VALUES (1,'Operator',1,NULL,NULL,NULL,NULL),(2,'Non Position',1,NULL,NULL,NULL,NULL),(3,'Leader',2,NULL,NULL,NULL,NULL),(4,'Senior Staff',2,NULL,NULL,NULL,NULL),(5,'Foreman',3,NULL,NULL,NULL,NULL),(6,'Planner',3,NULL,NULL,NULL,NULL),(7,'Asistent Manager',4,NULL,NULL,NULL,NULL),(8,'Senior Asistent Manager',5,NULL,NULL,NULL,NULL),(9,'Manager',6,NULL,NULL,NULL,NULL),(16,'Deputy General Manager',NULL,NULL,NULL,NULL,NULL),(17,'General Manager',NULL,NULL,NULL,NULL,NULL);
/*!40000 ALTER TABLE `positions` ENABLE KEYS */;
UNLOCK TABLES;

--
-- Table structure for table `privileges`
--

DROP TABLE IF EXISTS `privileges`;
/*!40101 SET @saved_cs_client     = @@character_set_client */;
/*!40101 SET character_set_client = utf8 */;
CREATE TABLE `privileges` (
  `id` int(10) unsigned NOT NULL AUTO_INCREMENT,
  `group_id` int(10) unsigned NOT NULL,
  `name` varchar(255) COLLATE utf8mb4_unicode_ci NOT NULL,
  `created_at` timestamp NULL DEFAULT NULL,
  `updated_at` timestamp NULL DEFAULT NULL,
  PRIMARY KEY (`id`),
  KEY `privileges_group_id_foreign` (`group_id`),
  CONSTRAINT `privileges_group_id_foreign` FOREIGN KEY (`group_id`) REFERENCES `groups` (`id`)
) ENGINE=InnoDB DEFAULT CHARSET=utf8mb4 COLLATE=utf8mb4_unicode_ci;
/*!40101 SET character_set_client = @saved_cs_client */;

--
-- Dumping data for table `privileges`
--

LOCK TABLES `privileges` WRITE;
/*!40000 ALTER TABLE `privileges` DISABLE KEYS */;
/*!40000 ALTER TABLE `privileges` ENABLE KEYS */;
UNLOCK TABLES;

--
-- Table structure for table `sections`
--

DROP TABLE IF EXISTS `sections`;
/*!40101 SET @saved_cs_client     = @@character_set_client */;
/*!40101 SET character_set_client = utf8 */;
CREATE TABLE `sections` (
  `id` int(11) unsigned NOT NULL AUTO_INCREMENT,
  `name` varchar(255) NOT NULL,
  `dept_id` int(11) DEFAULT NULL,
  `created_at` timestamp NULL DEFAULT NULL,
  `updated_at` timestamp NULL DEFAULT NULL,
  `deleted_at` timestamp NULL DEFAULT NULL,
  PRIMARY KEY (`id`)
) ENGINE=InnoDB AUTO_INCREMENT=37 DEFAULT CHARSET=utf8;
/*!40101 SET character_set_client = @saved_cs_client */;

--
-- Dumping data for table `sections`
--

LOCK TABLES `sections` WRITE;
/*!40000 ALTER TABLE `sections` DISABLE KEYS */;
INSERT INTO `sections` VALUES (1,'Personnel Affairs',1,NULL,NULL,NULL),(2,'Administrator',99,NULL,NULL,NULL),(3,'PPIC for Excavator ',2,NULL,NULL,NULL),(4,'PPIC for UL and Engineering Project',2,NULL,NULL,NULL),(5,'Logistics',2,NULL,NULL,NULL),(6,'Warehousing',2,NULL,NULL,NULL),(7,'Fabrication for Excavator',3,NULL,NULL,NULL),(8,'Assembling & Painting for Excavator',3,NULL,NULL,NULL),(9,'UL & Engineering Project CBT 1',3,NULL,NULL,NULL),(10,'UL & Engineering Project CBT 2',3,NULL,NULL,NULL),(11,'Customer Support, Quality Plan & Audit (ISO 9001)',4,NULL,NULL,NULL),(12,'QC for UL & Engineering Porject',4,NULL,NULL,NULL),(13,'QC for Excavator',4,NULL,NULL,NULL),(14,'Safety & Enviroment (ISO 14001 & OHSAS 18001)',NULL,NULL,NULL,NULL),(15,'Production Engineering for Excavator',5,NULL,NULL,NULL),(16,'Production Engineering for UL & Engineering Project',5,NULL,NULL,NULL),(17,'Maintenance CBT 1',5,NULL,NULL,NULL),(18,'Maintenance CBT 2',5,NULL,NULL,NULL),(19,'Design ',6,NULL,NULL,NULL),(21,'Legal & Industrial Relation ',1,NULL,NULL,NULL),(22,'General Affairs',1,NULL,NULL,NULL),(23,'Procurement',7,NULL,NULL,NULL),(24,'IT ',8,NULL,NULL,NULL),(25,'Finance',9,NULL,NULL,NULL),(26,'Accounting',9,NULL,NULL,NULL),(27,'Tax & Research',9,NULL,NULL,NULL),(36,'Human Resource',1,NULL,NULL,NULL);
/*!40000 ALTER TABLE `sections` ENABLE KEYS */;
UNLOCK TABLES;

--
-- Table structure for table `skill_dictionaries`
--

DROP TABLE IF EXISTS `skill_dictionaries`;
/*!40101 SET @saved_cs_client     = @@character_set_client */;
/*!40101 SET character_set_client = utf8 */;
CREATE TABLE `skill_dictionaries` (
  `id` int(10) unsigned NOT NULL AUTO_INCREMENT,
  `name_id` varchar(255) COLLATE utf8mb4_unicode_ci DEFAULT NULL,
  `name_en` varchar(255) COLLATE utf8mb4_unicode_ci DEFAULT NULL,
  `description` text COLLATE utf8mb4_unicode_ci,
  `skill_group` int(11) DEFAULT NULL COMMENT '1:soft-skill;2:hard-skill;',
  `created_by` int(10) unsigned DEFAULT NULL,
  `deleted_at` timestamp NULL DEFAULT NULL,
  `created_at` timestamp NULL DEFAULT NULL,
  `updated_at` timestamp NULL DEFAULT NULL,
  PRIMARY KEY (`id`)
) ENGINE=InnoDB AUTO_INCREMENT=114 DEFAULT CHARSET=utf8mb4 COLLATE=utf8mb4_unicode_ci;
/*!40101 SET character_set_client = @saved_cs_client */;

--
-- Dumping data for table `skill_dictionaries`
--

LOCK TABLES `skill_dictionaries` WRITE;
/*!40000 ALTER TABLE `skill_dictionaries` DISABLE KEYS */;
INSERT INTO `skill_dictionaries` VALUES (1,'INISIATIF / PROAKTIF','INITIATIVE','Keinginan untuk bertindak melebihi kebutuhan atau yang diharapkan pekerjaan  melakukan sesuatu tanpa menunggu perintah lebih dahulu, tindakan ini dilakukan untuk memperbaiki atau meningkatkan hasil pekerjaan atau menghindari timbulnya masalah atau menciptakan peluang baru',2,NULL,NULL,NULL,'2019-03-15 02:08:30'),(2,'KERJASAMA TIM','TEAM ORIENTATION','Kemauan untuk bekerja sama dengan orang lain dalam kelompok/tim.  Hal ini mencakup bekerja untuk mencapai tujuan bersama kelompok, berpartisipasi dalam pengambilan keputusan kelompok/tim, bekerja sama dengan anggota kelompok, dan menawarkan bantuan ketika dibutuhkan',10,NULL,NULL,NULL,'2019-03-15 02:08:44'),(3,'MEMBACA GAMBAR TEKNIK DAN SIMBOL LAS','CONCERN FOR ORDER','Dorongan dalam diri seseorang untuk memastikan / mengurangi ketidakpastian khususnya berkaitan dengan penugasan, kualitas dan ketepatan / ketelitian data dan informasi di tempat kerja',2,NULL,NULL,NULL,'2019-03-15 02:09:37'),(4,'ORIENTASI KEPADA PELAYANAN','CUSTOMER SERVICE ORIENTATION','Kemampuan memeberikan layanan kepada pelanggan (internal dan eksternal) yang sesuai dengan keinginan pelenggan dan atau standar pelayanan minimal dengan berorientasi pada pencapaian kinerja layanan yang memuaskan sehingga tercipta pelayanan yang prima ',1,NULL,'2019-03-17 23:07:34',NULL,'2019-03-17 23:07:34'),(5,'ADMINISTRASI KOMPUTER ','COMPUTER ADMINISTRATION','Kemampuan untuk menggunakan sistem komputer untuk mengakses atau memodifikasi informasi atau mengeksekusi/menjalankan berbagai program atau melakukan analisa; hal ini meliputi pengetahuan umum mengenai komputer dan perangkat lunak (software) yang memungkinkan seseorang dapat secara efektif menggunakan variasi paket software hanya dengan pelatihan minimum',NULL,NULL,NULL,NULL,NULL),(16,'INTEGRITAS','INTEGRITY','Kompeten, secara teliti dan handal berperilaku dengan cara yang etis dan dapat dipercaya dalam hubungan mereka dengan manajemen, rekan kerja, bawahan langsung, dan pihak luar. Memperlakukan orang lain secara adil (fair)',10,NULL,NULL,'2019-03-14 02:06:17','2019-03-17 22:59:23'),(17,'KESELAMATAN KERJA','SAFETY','Memahami pentingnya praktek/teknik keselamatan kerja, mengikuti dan menerapkannya secara efektif serta mendorong orang lain untuk melakukan hal yang sama',10,NULL,NULL,'2019-03-14 02:08:16','2019-03-16 05:48:55'),(19,'Keterampilan Negosiasi','NEGOTIATON SKILLS','Kemampuan menentukan dan membaca serangkaian tujuan, dan memprediksi konsekuensi atau kemungkinan terbaik dan terburuk yang mugkin timbul dari masing-masing pilihan',1,NULL,'2019-03-14 03:49:50','2019-03-14 02:09:39','2019-03-14 03:49:50'),(20,'KETERAMPILAN EKSPORT-IMPORT','TECHNICAL CAPABILITY OF EXPORT AND IMPORT','Keterampilan yang dimiliki dalam kegiatan perdagangan internasional, kepabeanan, shipping, maupun perbankan',1,NULL,NULL,'2019-03-14 02:15:07','2019-04-04 20:03:36'),(21,'tess','tests','testsx',2,NULL,'2019-03-14 05:16:55','2019-03-14 05:14:39','2019-03-14 05:16:55'),(22,'KEMAMPUAN BAHASA INGGRIS','ENGLISH LANGUAGE ABILITY','Kemampuan untuk berbicara, membaca buku-buku/ literatur berbahasa Inggris dan mendengarkan percakapan dalam bahasa Inggris',1,NULL,NULL,'2019-03-15 02:13:34','2019-03-15 02:13:34'),(23,'KEMAMPUAN BAHASA JEPANG','JAPANESE LANGUAGE ABILITY','Kemampuan untuk berbicara, membaca buku-buku/ literatur berbahasa Jepang dan mendengarkan percakapan dalam bahasa Jepang',1,NULL,NULL,'2019-03-15 02:19:14','2019-03-15 02:19:14'),(24,'BERHITUNG ARITMATIKA','ARITHMETIC COUNTING','Kemampuan untuk menambah, mengurang, mengali, dan membagi jumlah, pecahan, atau desimal secara akurat. Hal ini juga meliputi kemampuan untuk menghitung rasio dan prosentase, dan mengubah pecahan menjadi desimal dan desimal menjadi pecahan',1,NULL,NULL,'2019-03-15 02:20:24','2019-03-15 02:20:24'),(25,'MENGOPERASIKAN MESIN','TOOLS & MACHINARY UTILITY EXPERTICE','Kemampuan khusus dalam penguasaan operasional tools dan penguasaan penggunaan mesin',1,NULL,NULL,'2019-03-15 02:21:11','2019-03-15 02:21:11'),(26,'PENYELESAIAN MASALAH MESIN','TROUBLESHOOTING MACHINE','Memperbaiki mesin dan equipment',1,NULL,NULL,'2019-03-15 02:21:51','2019-03-15 02:21:51'),(27,'PENYELESAIAN MASALAH MESIN','TROUBLESHOOTING MACHINE','Memperbaiki mesin dan equipment',1,NULL,'2019-03-17 22:55:37','2019-03-15 02:21:52','2019-03-17 22:55:37'),(28,'PEMELIHARAAN PREVENTIF','PREVENTIVE MAINTENANCE','Preventive maintenance adalah kegiatan pemeliharaan dan perawatan yang dilakukan untuk mencegah timbulnya kerusakan-kerusakan yang tidak terduga dan menentukan kondisi atau keadaan yang menyebabkan fasilitas produksi mengalami kerusakan pada waktu digunakan dalam proses produksi',1,NULL,NULL,'2019-03-15 02:22:27','2019-03-15 02:22:27'),(29,'PEMELIHARAAN PREVENTIF','PREVENTIVE MAINTENANCE','Preventive maintenance adalah kegiatan pemeliharaan dan perawatan yang dilakukan untuk mencegah timbulnya kerusakan-kerusakan yang tidak terduga dan menentukan kondisi atau keadaan yang menyebabkan fasilitas produksi mengalami kerusakan pada waktu digunakan dalam proses produksi',1,NULL,'2019-03-17 23:07:55','2019-03-15 02:30:13','2019-03-17 23:07:55'),(30,'TEKNIK DESIGN','ENGINEERING DESIGN SKILLS','Serangkaian langkah-langkah metodis dimana ilmu dasar , matematika, dan ilmu teknik diterapkan untuk mengkonversi sumber daya secara optimal yang digunakan untuk menciptakan produk dan proses fungsional',1,NULL,NULL,'2019-03-15 02:31:24','2019-03-15 02:31:24'),(31,'PERHATIAN TERHADAP KEJELASAN TUGAS KUALITAS DAN KETELITIAN KERJA','READING ENGINEERING DRAWINGS AND SYMBOL OF LAS','Berhubungan dengan pengetahuan, keterampilan dan sikap kerja yang dibutuhkan dalam menggambar proyeksi ortogonal dan dasar gambar bentangan serta penerapan simbol las untuk pekerjaan',1,NULL,NULL,'2019-03-15 02:34:30','2019-03-15 02:34:30'),(32,'PENGELASAN','WELDING','Suatu proses penyambungan logam menjadi satu akibat panas dengan atau tanpa pengaruh tekanan atau dapat juga didefinisikan sebagai ikatan metalurgi yang ditimbulkan oleh gaya tarik menarik antara atom',1,NULL,NULL,'2019-03-15 02:35:25','2019-03-15 02:35:25'),(33,'PERAKITAN MESIN','MACHINE ASSEMBLY','Menggabungkan beberapa komponen baik itu barang jadi maupun setengah jadi menjadi suatu produk baru tanpa mengubah bentuk fisik dan susunan kimiawi komponen-komponen pendukungnya',1,NULL,NULL,'2019-03-15 02:40:36','2019-03-15 02:40:36'),(34,'PENGECATAN','PAINTING','Proses coating/pelapisan terhadap suatu material yang berfungsi untuk melindungi benda tersebut dari proses karat',1,NULL,NULL,'2019-03-15 02:41:59','2019-03-15 02:41:59'),(35,'MENGOPERASIKAN CRANE','CRANE OPERATION','Orang yang memiliki keterampilan atau keahlian khusus dalam bidang mengoperasikan crane',1,NULL,NULL,'2019-03-15 02:42:51','2019-03-15 02:42:51'),(36,'MENGOPERASIKAN FORKLIFT','FORKLIFT OPERATION','Orang yang memiliki keterampilan atau keahlian khusus dalam bidang mengoperasikan forklift',1,NULL,NULL,'2019-03-15 02:43:49','2019-03-15 02:43:49'),(37,'AKUNTANSI','ACCOUNTING','Keterampilan yang dimiliki seseorang dalam menyiapkan suatu laporan keuangan yang akurat dengan mencatat, mengklasifikasikan, meringkas, menginterpretasikan, dan mengkomunikasian semua informasi keuangan',1,NULL,NULL,'2019-03-15 02:44:36','2019-03-15 02:44:36'),(38,'PERPAJAKAN','TAXATION','Pengetahuan dan kemampuan yang berhubungan dengan fungsi manajemen pajak dalam organisasi termasuk perencanaan pajak, pelaksanaan kewajiban dan pengendalian pajak',1,NULL,NULL,'2019-03-15 02:45:42','2019-03-15 02:45:42'),(39,'KETERAMPILAN NEGOSIASI','NEGOTIATON SKILLS','Kemampuan menentukan dan membaca serangkaian tujuan, dan memprediksi konsekuensi atau kemungkinan terbaik dan terburuk yang mugkin timbul dari masing-masing pilihan',1,NULL,NULL,'2019-03-15 02:46:33','2019-03-15 02:46:33'),(40,'PEMROGRAMAN','PROGRAMMING','Pemrograman adalah proses menulis, menguji dan memperbaiki (debug), dan memelihara kode yang membangun suatu program komputer.Kode ini ditulis dalam berbagai bahasa pemrograman. Tujuan dari pemrograman adalah untuk memuat suatu program yang dapat melakukan suatu perhitungan atau \'pekerjaan\' sesuai dengan keinginan si pemrogram. Untuk melakukan pemrograman, diperlukan keterampilan dalam algoritme, logika, bahasa pemrograman, dan pada banyak kasus, pengetahuan-pengetahuan lain seperti matematika.',1,NULL,NULL,'2019-03-15 02:47:28','2019-03-15 02:47:28'),(41,'INFRASTRUKTUR DAN JARINGAN','INFRASTRUCTURE AND NETWORK','Bantuan teknis atau pengetahuan yang diberikan oleh ahli komputasi, tim atau departemen di perusahaan atau organisasi yang memberikan bantuan teknis kepada orang-orang yang memiliki masalah dengan sistem komputer',1,NULL,NULL,'2019-03-15 02:48:15','2019-03-15 02:48:15'),(42,'ALAT TES PSIKOLOGI','PSYCHOLOGICAL TEST TOOLS','Keterampilan yang meliputi penguasaan alat tes psikologi dengan metode dan serangkaian instrumen yang dijalankan untuk mengukur aspek-aspek yang tidak teramati secara langsung pada manusia yang menyangkut aspek psikologi',1,NULL,NULL,'2019-03-15 02:49:09','2019-03-15 02:49:09'),(43,'KETERAMPILAN WAWANCARA','INTERVIEW SKILLS','prosedur yang dilakukan secara sistematis dan terstruktur untuk mengumpulkan informasi seputar perilaku, kebiasaan, ataupun kinerja interviewee saat menghadapi keberhasilan, kegagalan dan situasi lainnya',1,NULL,NULL,'2019-03-15 02:49:52','2019-03-15 02:49:52'),(44,'PENGUASAAN ISO & OHSAS','AUTHORIZATION OF ISO & OHSAS','Kemampuan atau keterampilan yang dimiliki untuk membantu perusahaan dama mengidentifikasi serta membantu organisasi memenuhi kewajiban kesehatan dan keselamatan secara efisien dan efektif.',1,NULL,NULL,'2019-03-15 02:50:47','2019-03-15 02:50:47'),(45,'KETERAMPILAN PRESENTASI','PRESENTATION SKILS','Memiliki keterampilan untuk berkomunikasi seara efektif kepada sekelompok orang salam situasi normal',1,NULL,NULL,'2019-03-15 02:51:24','2019-03-15 02:51:24'),(46,'KETERAMPILAN MENGGUNAKAN ALAT PEMADAM API RINGAN (APAR)','APAR SKILLS','Kemampuan menggunakan, merawat, serta semua bentuk aturan yang berkenaan dengan APAR',1,NULL,NULL,'2019-03-15 02:52:09','2019-03-15 02:52:09'),(47,'KETERAMPILAN TEKNIS HUKUM','LEGAL TECHNICAL SKILLS','Pengetahuan dan kemampuan dalam memahami hukum, perundang-undangan dan peraturan pemerintah, dan mengelompokkan masalah/kasus serta proses penyelesaiannya',1,NULL,NULL,'2019-03-15 02:52:49','2019-03-15 02:52:49'),(48,'HUBUNGAN INDUSTRI','INDUSTRIAL RELATION','Pengetahuan yang dibutuhkan untuk menyebarkan informasi, sosialisasi dan meningkatkan citra organisasi ke masyarakat umum dan pegawai',1,NULL,NULL,'2019-03-15 02:53:39','2019-03-17 23:09:44'),(49,'ANALISA JABATAN','JOB ANALYSIS','Memiliki pengetahuan dan kemampuan dalam mengidentifikasi/menentukan secara rinci tugas dan persyaratan pekerjaan tertentu dan aspek penting dari tugas-tugas',1,NULL,NULL,'2019-03-15 02:54:22','2019-03-15 02:54:22'),(50,'PERENCANAAN KARIR','CAREER DEVELOPMENT','Pemahaman dan keahlian dalam melakukan metode pelaksanaan sistem menajemen karir, evaluasi efektivitas dan efisiensi pelaksanaan pengembangan karir',1,NULL,NULL,'2019-03-15 02:55:01','2019-03-15 02:55:01'),(51,'ADMINISTRASI DAN PENGARSIPAN','ADMINISTRATION AND ARCHIVING','Pengetahuan dan keterampilan dalam mengelola administrasi surat-menyurat, pengarsipan dan tugas kesekretariatan, serta kemampuan untuk mengembangkan teknik administrasi yang lebih efektif dan efisien',1,NULL,NULL,'2019-03-15 02:55:35','2019-03-15 02:55:35'),(52,'ALAT ELEKTRIKAL','ELECTRICAL MEASURING','Pengetahuan dan keterampilan menggunakan alat untuk mengukur besaran - besaran listrik yang mengalir seperti hambatan listrik (R), Kuat Arus listrik (I),  Beda Potensial listrik (V), Daya listrik (P)',1,NULL,NULL,'2019-03-15 02:56:11','2019-03-15 02:56:11'),(53,'MENGOPERASIKAN EXCAVATOR','EXCAVATOR OPERATION','Kemampuan yang digunakan untuk mengoperasikan excavator. Biasanya hanya pekerja terampil yang dapat mengoperasikan excavator, dan ada pelatihan khusus untuk belajar menggunakan excavator',1,NULL,NULL,'2019-03-15 02:56:49','2019-03-15 02:56:49'),(54,'ALAT UKUR KALIBRASI','CALIBRATORATION MEASURING INSTRUMENT','Kemampuan atau keterampilan yang dimiliki untuk memeriksa, meyesuaikan, ataun menentukan dengan perbandingan dengan standar (kelulusan alat ukur kuantitatif)',1,NULL,NULL,'2019-03-15 02:57:53','2019-03-15 02:57:53'),(55,'ALAT UKUR KALIBRASI','CALIBRATORATION MEASURING INSTRUMENT','Kemampuan atau keterampilan yang dimiliki untuk memeriksa, meyesuaikan, ataun menentukan dengan perbandingan dengan standar (kelulusan alat ukur kuantitatif)',1,NULL,'2019-03-17 23:08:30','2019-03-15 02:57:54','2019-03-17 23:08:30'),(56,'ADMINISTRASI KEPEGAWAIAN','EMPLOYEE ADMINISTRATION','Memahami sistem administrasi personalia yang meliputi pemeliharaan database pegawai, administrasi dan penghitungan pensiun, cuti, kesehatan, sistem insentif, dll',1,NULL,NULL,'2019-03-15 02:58:33','2019-03-15 02:58:33'),(57,'SISTEM PENGEMBANGAN (TRAINING)','DEVELOPMENT SYSTEM','Pengetahuan jenis-jenis pelatihan dan pengembangan, analisis kebutuhan pelatihan, pemahaman pengelolaan manajemen pelatihan dan pengembangan serta evaluasi keefektifan pelatihan',1,NULL,NULL,'2019-03-15 02:59:22','2019-03-15 02:59:22'),(58,'MANAJEMEN REMUNERASI','REMUNERATION MANAGEMENT','Kemampuan untuk mengelola dan mengatur penentuan pendapatan bagi pegawai sesuai dengan jabatan, level, beban pekerjaan, masa kerja, dan kriteria lainnya yang dianggap dapat diperhitungkan dalam menentukan besaran pendapatan',1,NULL,NULL,'2019-03-15 03:00:03','2019-03-15 03:00:03'),(59,'MANAJEMEN KEUANGAN','FINANCIAL MANAGEMENT','Pengetahuan dan kemampuan dalam pengelolaan keuangan sesuai peraturan-peraturan keuangan yang berlaku',1,NULL,NULL,'2019-03-15 03:00:53','2019-03-15 03:00:53'),(60,'PENYUSUNAN ANGGARAN','BUDGET DEVELOPMENT','Pengetahuan dan kemampuan untuk melakukan, mengawasi dan mengendalikan menganalisis dan mengevaluasi serta mengembangkan prosedur baru untuk penyusunan rencana anggaran, realisasi pembelanjaan, revisi anggaran, dan pelaporan anggaran, dengan memoerhatikan semua aturan yang berlaku untuk dalam penganggaran organisasi',1,NULL,NULL,'2019-03-15 03:01:57','2019-03-15 03:01:57'),(61,'LAPORAN KEUANGAN','FINANCIAL REPORTS','Pengetahuan dalam membuat laporan keuangan sebagai pertanggungjawaban unit kerja dalam periode tertentu',1,NULL,NULL,'2019-03-15 03:02:31','2019-03-15 03:02:31'),(62,'KAS DAN PERBENDAHARAAN','CASH AND TREASURES','Pengetahuan dan kemampuan dalam mengelola dan mengendalikan pengeluaran uang kas dan pengelolaan perbendaharaan guna mendukung pelaksanaan aktivitas rutin unit kerja sesuai dengan ketentuan dan prosedur yang telah ditetapkan',1,NULL,NULL,'2019-03-15 03:03:08','2019-03-15 03:03:08'),(63,'MANAJEMEN DATABASE','DATABASE MANAGEMENT','Kemampuan untuk mengoperasikan dan memelihara seluruh sistem database yang ada selama masa periode tertentu',1,NULL,NULL,'2019-03-16 02:30:02','2019-03-16 02:30:02'),(64,'KETERAMPILAN TEKNIS BLASTING','BLASTING SKILLS','Kemampuan untuk melaksanakan persiapan permukaan mulai dari solvent cleaning, hand and power tools cleaning dan pembersihan dengan dry atau wet abrasive blasting berdasarkan SOP proses pembersihan dan instruksi kerja yang telah disiapkan',1,NULL,NULL,'2019-03-16 02:34:35','2019-03-17 23:26:26'),(65,'Kemampuan untuk mengoperasikan dan memelihara seluruh sistem database yang ada selama masa periode tertentu','MARKETING TECHNICAL SKILL','Kemampuan yang dimiliki dalam melakukan kegiatan memenuhi kebutuhan dan kepuasan konsumen',1,NULL,'2019-03-17 23:11:57','2019-03-16 02:35:46','2019-03-17 23:11:57'),(66,'PEMELIHARAAN GEDUNG','MAINTENANCE BUILDING','Kemampuan dalam melakukan tindakan teknis dan administrative yang dimaksudkan untuk mempertahankan dan memulihkan fungsi bangunan sebagaimana yang telah direncanakan sebelumnya',1,NULL,NULL,'2019-03-16 02:37:58','2019-03-16 02:37:58'),(67,'PENGADAAN BARANG DAN JASA','STAFF AND SERVICES','Kemampuan untuk melakukan kegiatan atau proses efektif & efisien transaparan yang dilakukan dalam penyediaan kebutuhan barang dan jasa dalam jumlah yang besar demi memenuhi kepentingan perusahaan/organisasi',1,NULL,NULL,'2019-03-16 02:39:41','2019-03-17 23:27:32'),(68,'KOMUNIKASI TERTULIS','WRITTEN COMMUNICATION','Memiliki keterampilan untuk berkomunikasi dengan orang lain dalam format tertulis, serta mengorganisir dan mengartikulasikan pandangan dalam tulisan formal dan informal. Mampu menyesuaikan pesan, kosa kata dan bentuk tulisan salam berkomunikasi secara efektif dengan penerimanya',1,NULL,NULL,'2019-03-16 02:40:49','2019-03-16 02:40:49'),(69,'INOVASI','INNOVATION','Kemampuan mencetuskan solusi dan gagasan baru, serta mempertanyakan cara kerja yang berlaku di masa lalu dan mencoba mengembangkan cara-cara baru untuk menangani persoalan dan masalah bisnis',1,NULL,NULL,'2019-03-16 02:41:47','2019-03-17 23:30:02'),(70,'INTEGRITAS','INTEGRITY','Kompeten, secara teliti dan handal berperilaku dengan cara yang etis dan dapat dipercaya dalam hubungan mereka dengan manajemen, rekan kerja, bawahan langsung, dan pihak luar. Memperlakukan orang lain secara adil (fair)',10,NULL,'2019-03-17 23:04:08','2019-03-16 05:53:39','2019-03-17 23:04:08'),(71,'PERENCANAAN DAN PENGORGANISASIAN','PLANNING AND ORGANIZING','Secara efektif merencanakan dan mengorganisir pekerjaan sesuai kebutuhan organisasi, dengan menetapkan tujuan dan mengantisipasi kebutuhan dan prioritas',9,NULL,NULL,'2019-03-16 05:54:52','2019-04-04 02:27:49'),(72,'KOMITMEN ORGANISASI','ORGANIZATIONAL COMMITMENT','Kemampuan untuk menyelaraskan perilaku pribadi dengan kepentingan organisasi dalam rangka mewujudkan visi dan misi',10,NULL,NULL,'2019-03-16 05:56:17','2019-03-16 05:56:17'),(73,'PENERAPAN 5S','PRACTICE OF 5S','Keterampilan yang dimiliki dalam rangka mengelola tempat kerja, dimana tempat yang dimaksud dalam hal ini adalah tempat / lingkungan dimana kita bekerja baik itu di area kerja perkantoran maupun di area kerja  gudang, area kerja bengkel, area kerja laboratorium, area  kerja produksi, dan area pendukung lainnya seperti fasilitas publik dll. Kepanjangan dari 5S adalah Seiri, Seiton, Seiso, Seiketsu, Shitsuke',10,NULL,NULL,'2019-03-16 05:57:19','2019-03-16 05:57:19'),(74,'BERPIKIR KONSEPTUAL','CONCEPTUAL THINKING','Kemampuan memahami situasi atau masalah dengan cara memandangnya sebagai satu kesatuan yang terintegritas. Mencakup kemampuan mengidentifikasi ; pola keterkaitan antara masalah yang tidak tampak dengan jelas atau kemampuan mengidentifikasi permasalahan yang utama yang mendasar dalam situasi yang kompleks',9,NULL,'2019-03-17 23:02:35','2019-03-16 06:04:42','2019-03-17 23:02:35'),(75,'MENGELOLA ORANG LAIN','MANAGING OTHERS','Kompeten, secara efektif mengelola dan mengarahkan kegiatan orang lain. Bekerja melalui orang lain untuk mencapai tujuan dan mendorong kinerja melalui motivasi dan umpan balik serta mampu memberdayakan akuntabilitas orang lain',9,NULL,'2019-03-17 23:02:54','2019-03-16 06:06:09','2019-03-17 23:02:54'),(76,'KEPEMIMPINAN TIM','TEAM LEADERSHIP','Mempimpin orang lain untuk mencapai sasaran dan tujuan tim',9,NULL,'2019-03-17 23:03:40','2019-03-16 06:06:59','2019-03-17 23:03:40'),(77,'PEMECAHAN DAN ANALISA MASALAH','IN-DEPTH PROBLEM SOLVING AND ANALYSIS','Kompeten, secara mendalam mampu menghasilkan solusi yang tepat untuk masalah-masalah yang sulit, mempertimbangkan banyak sumber informasi, secara sistematis mengolah dan mengevaluasi informasi dengan membandingkan berbagai arah tindakan, dan secara hati-hati mendiskusikannya sebelum membuat keputusan akhir',9,NULL,NULL,'2019-03-16 06:07:42','2019-03-16 06:07:42'),(78,'okeh','okays','siaps',9,NULL,'2019-03-16 11:21:17','2019-03-16 11:16:38','2019-03-16 11:21:17'),(79,'tesxr','testxr','ujianxr',9,NULL,'2019-03-17 20:48:13','2019-03-16 11:26:13','2019-03-17 20:48:13'),(80,'SISTEM INFORMASI MANAJEMEN','MANAGEMENT INFORMATION SYSTEM','Pengetahuan tentang konsep dan prinsip dasar serta hubungan dengan proses bisnis yang dilayani oleh manajemen sistem informasi, termasuk kemampuan untuk menyusun prosedur baku, menganalisis kinerja operasi dan pemeliharaan jaringan komputer, sistem operasi dan aplikasi sistem informasi, dan kemampuan untuk mengelola sistem informasi guna mendukung proses bisnis yang dilayani oleh sistem informasi tersebut',1,NULL,NULL,'2019-03-17 21:16:36','2019-03-17 21:16:36'),(81,'ASSESSMENT CENTER','ASSESSMENT CENTER','merupakan metode yang berbasis kompetensi yang diartikan sebagai proses sistematis untuk menilai ketrampilan, pengetahuan dan kemampuan individu yang dianggap kritikal bagi keberhasilan kinerja yang unggul',1,NULL,NULL,'2019-03-17 21:17:44','2019-03-17 21:17:44'),(82,'PENGETAHUAN TENTANG PROSES BISNIS','ABILITY OF BUSINESS PROCESS','Memahami konsep-konsep bisnis secara umum, memahami bisnis organisasi, dan menggunakan pengetahuan baik secara umum maupun spesifik untuk memahami persolan-persoalan bisnis yang penting dan berkaitan dengan pekerjaan mereka',1,NULL,NULL,'2019-03-17 21:18:31','2019-03-17 21:18:31'),(83,'ALAT MEKANIKAL','MEKANIKAL TOOLS','Kemampuan dan keterampilan dalam menggunakan alat ukur secara mekanik, yang umumnya digunakan untuk mengukur panjang, lebar, kedalaman, diameter luar dan diameter dalam pada sebuah benda',1,NULL,NULL,'2019-03-17 21:19:14','2019-03-17 21:19:14'),(84,'KEMAMPUAN TEKNIS PERGUDANGAN','WAREHOUSE TECHNICAL ABILITY','Keterampilan yang dimiliki untuk mengatur penyimpanan dan pengeluaran barang di gudang, serta mengawasi proses masuk barang ke gudang',1,NULL,NULL,'2019-03-17 21:19:55','2019-03-17 21:19:55'),(85,'KETERAMPILAN AUDIT','AUDIT SKILLS','Kemampuan yang dimiliki dalam menjalankan aktivitas-aktivitas audit yang meliputi identifikasi masalah, mengumpulkan data pendukung, dan menyimpulkan temuan',1,NULL,NULL,'2019-03-17 21:20:53','2019-03-17 21:20:53'),(86,'KEBIJAKAN, PROSES, DAN PROSEDUR','POLICIES, PROCESSES, AND PROCEDURES','Kemampuan mengikuti prosedur dan pedoman organisasi untuk mencapai tujuan, serta mendorong orang lain untuk mengikuti pedoman, proses dan peraturan yang ditetapkan dengan konsisten bekerja dalam batas-batas pedoman untuk mencapai pekerjaan',1,NULL,NULL,'2019-03-17 21:22:05','2019-03-17 21:22:05'),(87,'KETERAMPILAN TEKNIS PEMASARAN','MARKETING TECHNICAL SKILL','Kemampuan yang dimiliki dalam melakukan kegiatan memenuhi kebutuhan dan kepuasan konsumen',1,NULL,NULL,'2019-03-17 21:22:54','2019-03-17 21:22:54'),(88,'ADMINISTRASI KOMPUTER','COMPUTER ADMINISTRATION','Kemampuan untuk menggunakan sistem komputer untuk mengakses atau memodifikasi informasi atau mengeksekusi/menjalankan berbagai program atau melakukan analisa; hal ini meliputi pengetahuan umum mengenai komputer dan perangkat lunak (software) yang memungkinkan seseorang dapat secara efektif menggunakan variasi paket software hanya dengan pelatihan minimum',1,NULL,'2019-03-17 23:08:30','2019-03-17 21:24:12','2019-03-17 21:24:12'),(89,'PENGAMBILAN KEPUTUSAN','DECISION MAKING','Kemampuan untuk mengevaluasi berbagai konsekuensi dari berbagai alternatif solusi permasalahan dan memilih alternatif yang paling menjanjikan',9,NULL,NULL,'2019-03-17 21:30:13','2019-03-17 21:30:13'),(90,'MEMOTIVASI ORANG LAIN','MOTIVATING OTHERS','Kemampuan dalam mendorong dan memberikan inspirasi kepada orang lain untuk berprestasi tinggi',9,NULL,NULL,'2019-03-17 21:30:51','2019-03-17 21:30:51'),(91,'MENGELOLA KONFLIK','CONFLICT MANAGEMENT','Kemampuan mengambil langkah-langkah untuk mengelola perselisihan menuju arah yang produktif',9,NULL,NULL,'2019-03-17 21:31:29','2019-03-17 21:31:29'),(92,'PENETAPAN VISI','VISIONING','Kemampuan mengidentifikasi sasaran jangka panjang dan mendorong implementasi dari berbagai gagasan atau alternatif yang berbeda, mampu berpikir dengan cara-cara yang inovatif dan mendukung pemikiran yang serupa dalam diri oarang lain, serta mampu mendorong organisasi untuk terus meningkatkan diri dan bertumbuh',9,NULL,NULL,'2019-03-17 21:32:04','2019-03-17 21:32:04'),(93,'KOMUNIKASI INTERPERSONAL','INTERPERSONAL COMMUNICATION','Kompeten, mendengarkan secara efektif dan mengembangkan hubungan dengan orang lain, mengartikulasikan pandangan dan gagasan mereka secara jelas, menyampaikan informasi secara langsung dan logis dan memastikan pemahaman, serta berbagi informasi dengan orang lain yang akan meningkatkan kemajuan kerja secara keseluruhan',2,NULL,NULL,'2019-03-17 21:33:37','2019-03-17 21:33:37'),(94,'BERPIKIR ANALITIS','ANALYTICAL THINKING','Mencari solusi berdasarkan fakta, asumsi, logika, dan tingkat kepentingan dalam mengambil langkah-langkah tindakan yang diperlukan sesuai dengan tujuan organisasi',2,NULL,NULL,'2019-03-17 21:34:31','2019-03-17 21:34:31'),(95,'PERBAIKAN TERUS-MENERUS','CONTINUOUS IMPROVEMENT','Berdedikasi terhadap peningkatan proses kerja organisasi, menerapkan disiplin dan ketelitian dalam kegiatan kerja dan terus mencari cara untuk membantu meningkatkan kualitas, efisiensi atau efektivitasdari proses kerja. Mendorong orang lain untuk menerapkan disiplin yang asama utuk mencapai peningkatan yang berkelanjutan. mencari dan menerapkan cara-cara (ide, solusi, metode) baru yang terus menerus dan efektif serta melibatkan perubahan paradigma berpikir, termasuk mencoba cara yang berbeda, baru, dan tidak biasa',2,NULL,NULL,'2019-03-17 21:35:11','2019-03-17 21:35:11'),(96,'KETAHANAN','RESILIENCE','Kemampuan menangani masalah, tekanan, dan stress dengan mempertahankan sikap positif, sekalipun dihadapkan dengan rasa frustasi, tekanan, atau perubahan, dan akan merasa pulih dengan cepat ketika dihadapkan dengan rintangan atau kesulitan',2,NULL,NULL,'2019-03-17 21:35:56','2019-03-17 21:35:56'),(97,'MENGELOLA HUBUNGAN KERJA','RELATIONSHIP MANAGEMENT','Mampu mengembangkan dan mempertahankan hubungan yang positif melalui ; secara aktif mencari peluang untuk membina hubungan yang penting, melakukan kontak dengan pihak internal dan eksternal untuk memastikan kepuasan, mempertimbangkan bagaimana tindakan atau keputusan yang diambil dapat berdampak terhadap kelompok atau departmen lain dan bekerja secara kolaboratif untuk mencapai sasaran kerja',2,NULL,NULL,'2019-03-17 21:36:40','2019-03-17 21:36:40'),(98,'SEMANGAT UNTUK BERPRESTASI','(ACHIEVEMENT) ORIENTATION','Derajat kepedulian seseorang terhadap pekerjaannya sehingga ia terdorong berusaha untuk bekerja dengan lebih baik atau diatas standar',2,NULL,NULL,'2019-03-17 21:39:41','2019-03-17 21:39:41'),(99,'KETEKUNAN','PERSISTENCE','Tetap meneruskan pekerjaan walaupun menghadapi tentangan; yang meliputi: tetap bertahan meski pun menghadapi gangguan, prioritas pengerjaan pekerjaan yang berganti-ganti, dan kendala-kendala yang terus berulang.',2,NULL,NULL,'2019-03-17 21:40:25','2019-03-17 21:40:25'),(100,'ORIENTASI KEPADA PELAYANAN','CUSTOMER SERVICE ORIENTATION','Kemampuan memeberikan layanan kepada pelanggan (internal dan eksternal) yang sesuai dengan keinginan pelenggan dan atau standar pelayanan minimal dengan berorientasi pada pencapaian kinerja layanan yang memuaskan sehingga tercipta pelayanan yang prima',2,NULL,NULL,'2019-03-17 21:41:19','2019-03-17 21:41:19'),(101,'ORIENTASI KEPADA KUALITAS','QUALITY ORIENTATION','Kompeten, secara konsisten menunjukkan kualitas kerja yang tinggi, menerapkan disiplin dan ketelitian terhadap kegiatan kerja mereka dan secara konsisten mencari cara-cara untuk meningkatkan kualitas kerja, mendorong orang lain untuk memiliki standar kualitas yang tinggi dalam pekerjaan mereka',2,NULL,NULL,'2019-03-17 21:41:59','2019-03-17 21:41:59'),(102,'PERENCANAAN DAN PENGORGANISASIAN','PLANNING AND ORGANIZING','Secara efektif merencanakan dan mengorganisir pekerjaan sesuai kebutuhan organisasi, dengan menetapkan tujuan dan mengantisipasi kebutuhan dan prioritas',9,NULL,'2019-03-17 23:02:15','2019-03-17 21:44:45','2019-03-17 23:02:15'),(103,'BERPIKIR KONSEPTUAL','CONCEPTUAL THINKING','Kemampuan memahami situasi atau masalah dengan cara memandangnya sebagai satu kesatuan yang terintegritas. Mencakup kemampuan mengidentifikasi ; pola keterkaitan antara masalah yang tidak tampak dengan jelas atau kemampuan mengidentifikasi permasalahan yang utama yang mendasar dalam situasi yang kompleks',9,NULL,NULL,'2019-03-17 21:45:23','2019-03-17 21:45:23'),(104,'MENGELOLA ORANG LAIN','MANAGING OTHERS','Kompeten, secara efektif mengelola dan mengarahkan kegiatan orang lain. Bekerja melalui orang lain untuk mencapai tujuan dan mendorong kinerja melalui motivasi dan umpan balik serta mampu memberdayakan akuntabilitas orang lain',9,NULL,NULL,'2019-03-17 21:46:18','2019-03-17 21:46:18'),(105,'KEPEMIMPINAN TIM','TEAM LEADERSHIP','Mempimpin orang lain untuk mencapai sasaran dan tujuan tim',9,NULL,NULL,'2019-03-17 21:47:13','2019-03-17 21:47:13'),(106,'MENGEMBANGKAN ORANG LAIN','DEVELOPING OTHERS','Berkompeten secara tulus tertarik pada pengembangan dan keberhasilan orang lain. Memberikan umpan balik yang sesuai dengan fakta dan bimbingan secara suportif, membantu orang lain untuk mencapai sasaran individual dan menjawab tantangan yang mereka hadapi, secara keseluruhan mereka orang yang positif, objektif, dan adil',9,NULL,NULL,'2019-03-17 21:47:53','2019-04-04 02:24:13'),(107,'PEMECAHAN DAN ANALISA MASALAH','IN-DEPTH PROBLEM SOLVING AND ANALYSIS','Kompeten, secara mendalam mampu menghasilkan solusi yang tepat untuk masalah-masalah yang sulit, mempertimbangkan banyak sumber informasi, secara sistematis mengolah dan mengevaluasi informasi dengan membandingkan berbagai arah tindakan, dan secara hati-hati mendiskusikannya sebelum membuat keputusan akhir',9,NULL,'2019-03-17 23:02:02','2019-03-17 21:48:34','2019-03-17 23:02:02'),(108,'tesx','testx','testingx',9,NULL,'2019-04-03 07:34:05','2019-04-03 07:20:55','2019-04-03 07:34:05'),(110,'tes lagi','test again','for second test',10,NULL,'2019-12-22 17:09:50',NULL,NULL),(111,'tes lagi','test again','for test again',10,NULL,'2019-12-22 18:00:54',NULL,NULL),(112,'tes update','test update','for test update',10,NULL,'2019-12-22 18:00:28',NULL,NULL),(113,'coba yawn x','try yawn x','try is coba maning nih yawn x                                                                                                                                                                                              ',10,NULL,'2019-12-24 01:57:59',NULL,NULL);
/*!40000 ALTER TABLE `skill_dictionaries` ENABLE KEYS */;
UNLOCK TABLES;

--
-- Table structure for table `skill_matrix`
--

DROP TABLE IF EXISTS `skill_matrix`;
/*!40101 SET @saved_cs_client     = @@character_set_client */;
/*!40101 SET character_set_client = utf8 */;
CREATE TABLE `skill_matrix` (
  `id` int(10) unsigned NOT NULL AUTO_INCREMENT,
  `job_id` varchar(255) COLLATE utf8mb4_unicode_ci NOT NULL,
  `skill_id` varchar(255) COLLATE utf8mb4_unicode_ci NOT NULL,
  `level` tinyint(4) NOT NULL,
  `created_at` timestamp NULL DEFAULT NULL,
  `updated_at` timestamp NULL DEFAULT NULL,
  `deleted_at` timestamp NULL DEFAULT NULL,
  PRIMARY KEY (`id`)
) ENGINE=InnoDB AUTO_INCREMENT=430 DEFAULT CHARSET=utf8mb4 COLLATE=utf8mb4_unicode_ci;
/*!40101 SET character_set_client = @saved_cs_client */;

--
-- Dumping data for table `skill_matrix`
--

LOCK TABLES `skill_matrix` WRITE;
/*!40000 ALTER TABLE `skill_matrix` DISABLE KEYS */;
INSERT INTO `skill_matrix` VALUES (1,'1','1',1,'2019-03-12 00:10:45','2019-03-12 00:44:21','2019-03-12 00:44:21'),(2,'1','1',1,'2019-03-12 00:12:58','2019-03-12 00:13:38','2019-03-12 00:13:38'),(3,'1','5',1,'2019-03-12 03:35:51','2019-03-12 03:36:08','2019-03-12 03:36:08'),(4,'1','3',3,'2019-03-12 10:27:09','2019-03-12 17:59:10','2019-03-12 17:59:10'),(5,'1','3',3,'2019-03-12 17:58:57','2019-03-12 17:59:04','2019-03-12 17:59:04'),(6,'2','2',2,'2019-03-12 18:06:38','2019-03-12 18:07:43','2019-03-12 18:07:43'),(7,'2','1',1,'2019-03-12 18:07:00','2019-03-12 18:07:34','2019-03-12 18:07:34'),(8,'1','3',2,'2019-03-12 18:11:06','2019-03-12 18:11:20','2019-03-12 18:11:20'),(9,'1','3',2,'2019-03-14 00:08:33','2019-03-14 00:08:57','2019-03-14 00:08:57'),(10,'1','2',1,'2019-03-14 00:12:36','2019-03-14 00:13:14','2019-03-14 00:13:14'),(11,'7','3',2,'2019-03-14 00:12:51','2019-03-14 00:12:51',NULL),(12,'1','17',3,'2019-03-14 05:17:20','2019-03-14 05:17:37','2019-03-14 05:17:37'),(13,'1','2',4,'2019-03-14 05:17:31','2019-03-14 05:17:40','2019-03-14 05:17:40'),(14,'35','49',1,'2019-03-16 19:39:15','2019-03-16 19:40:50','2019-03-16 19:40:50'),(15,'35','2',5,'2019-03-16 19:40:23','2019-03-16 19:41:13','2019-03-16 19:41:13'),(16,'35','17',1,'2019-03-18 23:09:52','2019-03-18 23:09:52',NULL),(17,'35','30',2,'2019-03-18 23:13:50','2019-03-18 23:13:50',NULL),(18,'35','31',3,'2019-03-18 23:14:24','2019-03-18 23:14:24',NULL),(19,'35','24',4,'2019-03-18 23:16:02','2019-03-18 23:16:02',NULL),(20,'35','5',5,'2019-03-18 23:16:24','2019-03-18 23:16:24',NULL),(21,'36','17',1,'2019-03-18 23:26:03','2019-03-18 23:26:03',NULL),(22,'36','30',2,'2019-03-18 23:26:54','2019-03-18 23:26:54',NULL),(23,'36','31',3,'2019-03-18 23:27:26','2019-03-18 23:27:26',NULL),(24,'36','24',4,'2019-03-18 23:29:08','2019-03-18 23:29:08',NULL),(25,'36','5',5,'2019-03-18 23:29:55','2019-03-18 23:29:55',NULL),(26,'37','17',1,'2019-03-18 23:30:44','2019-03-18 23:30:44',NULL),(27,'37','30',2,'2019-03-18 23:31:12','2019-03-18 23:31:12',NULL),(28,'37','31',3,'2019-03-18 23:31:40','2019-03-18 23:31:40',NULL),(29,'37','24',4,'2019-03-18 23:32:06','2019-03-18 23:32:06',NULL),(30,'37','5',5,'2019-03-18 23:32:47','2019-03-18 23:32:47',NULL),(31,'21','2',1,'2019-03-18 23:37:06','2019-03-18 23:37:06',NULL),(32,'21','40',2,'2019-03-18 23:37:48','2019-03-18 23:37:48',NULL),(33,'21','41',3,'2019-03-18 23:38:17','2019-03-18 23:38:17',NULL),(34,'21','99',4,'2019-03-18 23:39:08','2019-03-18 23:39:08',NULL),(35,'21','3',5,'2019-03-18 23:39:48','2019-03-18 23:39:48',NULL),(36,'22','2',1,'2019-03-18 23:40:51','2019-03-18 23:40:51',NULL),(37,'22','40',2,'2019-03-18 23:41:53','2019-03-18 23:41:53',NULL),(38,'22','41',3,'2019-03-18 23:42:08','2019-03-18 23:42:08',NULL),(39,'22','1',4,'2019-03-18 23:42:42','2019-03-18 23:42:42',NULL),(40,'22','93',5,'2019-03-18 23:44:19','2019-03-18 23:44:19',NULL),(41,'23','2',1,'2019-03-18 23:45:07','2019-03-18 23:45:07',NULL),(42,'23','40',2,'2019-03-18 23:45:42','2019-03-18 23:45:42',NULL),(43,'23','41',3,'2019-03-18 23:46:00','2019-03-18 23:46:00',NULL),(44,'23','93',4,'2019-03-18 23:46:53','2019-03-18 23:46:53',NULL),(45,'23','103',5,'2019-03-18 23:47:18','2019-03-18 23:47:18',NULL),(46,'26','16',1,'2019-03-18 23:48:52','2019-03-18 23:48:52',NULL),(47,'26','2',2,'2019-03-18 23:49:12','2019-03-18 23:49:12',NULL),(48,'26','17',3,'2019-03-18 23:49:44','2019-03-18 23:49:44',NULL),(49,'26','100',4,'2019-03-18 23:50:31','2019-03-18 23:50:31',NULL),(50,'26','99',5,'2019-03-18 23:51:05','2019-03-18 23:51:05',NULL),(51,'27','16',1,'2019-03-18 23:51:46','2019-03-18 23:51:46',NULL),(52,'27','2',2,'2019-03-18 23:52:15','2019-03-18 23:52:15',NULL),(53,'27','17',3,'2019-03-18 23:52:41','2019-03-18 23:52:41',NULL),(54,'27','71',4,'2019-03-18 23:53:10','2019-03-18 23:53:10',NULL),(55,'27','103',5,'2019-03-18 23:53:53','2019-03-18 23:53:53',NULL),(56,'28','16',1,'2019-03-18 23:54:31','2019-03-18 23:54:31',NULL),(57,'28','2',2,'2019-03-18 23:54:49','2019-03-18 23:54:49',NULL),(58,'28','17',3,'2019-03-18 23:55:28','2019-03-18 23:55:28',NULL),(59,'28','71',4,'2019-03-18 23:55:52','2019-03-18 23:55:52',NULL),(60,'28','104',5,'2019-03-18 23:56:23','2019-03-18 23:56:23',NULL),(62,'7','2',3,'2019-03-21 00:22:58','2019-03-21 00:22:58',NULL),(64,'7','16',5,'2019-03-21 00:23:21','2019-03-21 00:23:21',NULL),(65,'7','49',1,'2019-03-21 00:56:24','2019-03-21 00:56:24',NULL),(66,'7','17',4,'2019-03-21 00:57:11','2019-03-21 00:57:11',NULL),(67,'1','16',1,'2019-04-08 01:10:56','2019-04-08 01:10:56',NULL),(68,'1','100',2,'2019-04-08 01:11:23','2019-04-08 01:11:23',NULL),(69,'1','1',3,'2019-04-08 01:11:46','2019-04-08 01:11:46',NULL),(70,'1','5',4,'2019-04-08 01:12:25','2019-04-08 01:12:25',NULL),(71,'1','5',4,'2019-04-08 01:12:26','2019-04-08 01:14:39','2019-04-08 01:14:39'),(72,'1','51',5,'2019-04-08 01:13:12','2019-04-08 01:13:12',NULL),(73,'2','71',1,'2019-04-08 01:16:32','2019-04-08 01:16:32',NULL),(74,'2','81',2,'2019-04-08 01:17:05','2019-04-08 01:17:05',NULL),(75,'2','42',3,'2019-04-08 01:17:39','2019-04-08 01:17:39',NULL),(76,'2','43',4,'2019-04-08 01:18:02','2019-04-08 01:18:02',NULL),(77,'2','51',5,'2019-04-08 01:18:34','2019-04-08 01:18:34',NULL),(78,'3','5',1,'2019-04-08 01:19:33','2019-04-08 01:19:33',NULL),(79,'3','24',2,'2019-04-08 01:47:44','2019-04-08 01:47:44',NULL),(80,'3','3',3,'2019-04-08 01:48:29','2019-04-08 01:48:29',NULL),(81,'3','100',4,'2019-04-08 01:48:50','2019-04-08 01:48:50',NULL),(82,'3','93',5,'2019-04-08 01:49:17','2019-04-08 01:49:17',NULL),(83,'4','71',1,'2019-04-08 01:51:53','2019-04-08 01:51:53',NULL),(84,'4','82',2,'2019-04-08 01:53:05','2019-04-08 01:53:05',NULL),(85,'4','86',3,'2019-04-08 01:53:23','2019-04-08 01:53:23',NULL),(86,'4','96',4,'2019-04-08 01:53:53','2019-04-08 01:53:53',NULL),(87,'4','51',5,'2019-04-08 01:54:24','2019-04-08 01:54:24',NULL),(88,'5','16',1,'2019-04-08 01:59:27','2019-04-08 01:59:27',NULL),(89,'5','71',2,'2019-04-08 01:59:59','2019-04-08 01:59:59',NULL),(90,'5','100',3,'2019-04-08 02:00:33','2019-04-08 02:00:33',NULL),(91,'5','3',4,'2019-04-08 02:01:08','2019-04-08 02:01:08',NULL),(92,'5','94',5,'2019-04-08 02:01:25','2019-04-08 02:01:25',NULL),(93,'6','16',1,'2019-04-08 02:02:12','2019-04-08 02:02:12',NULL),(94,'6','71',2,'2019-04-08 02:02:40','2019-04-08 02:02:40',NULL),(95,'6','100',3,'2019-04-08 02:03:25','2019-04-08 02:03:25',NULL),(96,'6','45',4,'2019-04-08 02:03:41','2019-04-08 02:03:41',NULL),(97,'6','95',5,'2019-04-08 02:04:09','2019-04-08 02:04:09',NULL),(98,'24','48',1,'2019-04-08 02:08:44','2019-04-08 02:08:44',NULL),(99,'24','5',2,'2019-04-08 02:09:24','2019-04-08 02:09:24',NULL),(100,'24','2',3,'2019-04-08 02:09:52','2019-04-08 02:09:52',NULL),(101,'24','86',4,'2019-04-08 02:10:22','2019-04-08 02:10:22',NULL),(102,'24','89',5,'2019-04-08 02:10:58','2019-04-08 02:10:58',NULL),(103,'25','47',1,'2019-04-08 02:23:19','2019-04-08 02:23:19',NULL),(104,'25','5',2,'2019-04-08 02:27:55','2019-04-08 02:27:55',NULL),(105,'25','2',3,'2019-04-08 02:46:29','2019-04-08 02:46:29',NULL),(106,'25','86',4,'2019-04-08 02:47:11','2019-04-08 02:47:11',NULL),(107,'25','89',5,'2019-04-08 02:48:03','2019-04-08 02:48:03',NULL),(108,'10','20',1,'2019-04-08 20:22:15','2019-04-08 20:23:16','2019-04-08 20:23:16'),(109,'10','20',1,'2019-04-08 20:22:17','2019-04-08 20:22:17',NULL),(110,'10','3',2,'2019-04-08 20:23:04','2019-04-08 20:23:04',NULL),(111,'10','39',3,'2019-04-08 20:24:15','2019-04-08 20:24:15',NULL),(112,'10','16',4,'2019-04-08 20:25:13','2019-04-08 20:25:13',NULL),(113,'10','17',5,'2019-04-08 20:25:45','2019-04-08 20:25:45',NULL),(114,'19','31',1,'2019-04-08 20:34:44','2019-04-08 20:34:44',NULL),(115,'19','35',2,'2019-04-08 20:35:51','2019-04-08 20:36:02','2019-04-08 20:36:02'),(116,'19','35',2,'2019-04-08 20:35:52','2019-04-08 20:35:52',NULL),(117,'19','24',3,'2019-04-08 20:37:54','2019-04-08 20:37:54',NULL),(118,'19','73',4,'2019-04-08 20:38:30','2019-04-08 20:38:30',NULL),(119,'19','17',5,'2019-04-08 20:39:01','2019-04-08 20:39:01',NULL),(120,'18','31',1,'2019-04-08 20:40:50','2019-04-08 20:40:50',NULL),(121,'18','35',2,'2019-04-08 20:41:37','2019-04-08 20:41:37',NULL),(122,'18','24',3,'2019-04-08 20:42:13','2019-04-08 20:42:27','2019-04-08 20:42:27'),(123,'18','24',3,'2019-04-08 20:42:16','2019-04-08 20:42:16',NULL),(124,'18','73',4,'2019-04-08 20:43:17','2019-04-08 20:43:17',NULL),(125,'18','73',4,'2019-04-08 20:43:20','2019-04-08 20:43:37','2019-04-08 20:43:37'),(126,'18','17',5,'2019-04-08 20:44:13','2019-04-08 20:44:13',NULL),(127,'17','31',1,'2019-04-08 20:46:07','2019-04-08 20:46:07',NULL),(128,'17','35',2,'2019-04-08 20:46:42','2019-04-08 20:46:42',NULL),(129,'17','24',3,'2019-04-08 20:47:36','2019-04-08 20:47:36',NULL),(130,'17','73',4,'2019-04-08 20:49:17','2019-04-08 20:49:17',NULL),(131,'17','17',5,'2019-04-08 20:49:51','2019-04-08 20:49:51',NULL),(132,'12','32',1,'2019-04-08 20:54:19','2019-04-08 20:54:30','2019-04-08 20:54:30'),(133,'13','32',1,'2019-04-08 21:04:42','2019-04-08 21:04:42',NULL),(134,'13','35',2,'2019-04-08 21:05:22','2019-04-08 21:05:22',NULL),(135,'13','31',3,'2019-04-08 21:48:40','2019-04-08 21:48:40',NULL),(136,'13','73',4,'2019-04-08 21:49:02','2019-04-08 21:49:02',NULL),(137,'13','17',5,'2019-04-08 21:49:12','2019-04-08 21:49:12',NULL),(138,'16','25',1,'2019-04-08 21:49:57','2019-04-08 21:49:57',NULL),(139,'16','31',2,'2019-04-08 21:50:06','2019-04-08 21:50:06',NULL),(140,'16','35',3,'2019-04-08 21:50:25','2019-04-08 21:50:25',NULL),(141,'16','73',4,'2019-04-08 21:50:35','2019-04-08 21:50:35',NULL),(142,'16','17',5,'2019-04-08 21:50:47','2019-04-08 21:50:47',NULL),(143,'40','32',1,'2019-04-08 21:54:17','2019-04-08 21:54:17',NULL),(144,'40','36',2,'2019-04-08 21:54:44','2019-04-08 21:54:44',NULL),(145,'40','31',3,'2019-04-08 21:55:05','2019-04-08 21:55:05',NULL),(146,'40','73',4,'2019-04-08 21:55:15','2019-04-08 21:55:15',NULL),(147,'40','17',5,'2019-04-08 21:55:27','2019-04-08 21:55:27',NULL),(148,'45','25',1,'2019-04-08 21:59:18','2019-04-08 21:59:18',NULL),(149,'45','31',2,'2019-04-08 21:59:50','2019-04-08 21:59:50',NULL),(150,'45','35',3,'2019-04-08 22:00:00','2019-04-08 22:00:00',NULL),(151,'45','73',4,'2019-04-08 22:00:18','2019-04-08 22:00:18',NULL),(152,'45','17',5,'2019-04-08 22:00:31','2019-04-08 22:00:31',NULL),(153,'30','31',1,'2019-04-09 00:37:06','2019-04-09 00:37:06',NULL),(154,'30','83',2,'2019-04-09 00:37:30','2019-04-09 00:37:30',NULL),(155,'30','3',3,'2019-04-09 00:37:56','2019-04-09 00:37:56',NULL),(156,'30','3',3,'2019-04-09 00:37:57','2019-04-09 00:37:57','2019-04-15 07:48:34'),(157,'30','2',5,'2019-04-09 00:38:18','2019-04-23 20:58:49','2019-04-23 20:58:49'),(158,'32','86',1,'2019-04-09 00:39:55','2019-04-09 00:39:55',NULL),(159,'32','83',2,'2019-04-09 00:40:15','2019-04-09 00:40:15',NULL),(160,'32','83',2,'2019-04-09 00:40:17','2019-04-09 00:40:17',NULL),(161,'32','72',4,'2019-04-09 00:41:08','2019-04-09 00:41:08',NULL),(162,'32','31',5,'2019-04-09 00:41:24','2019-04-09 00:41:24',NULL),(163,'34','89',1,'2019-04-09 00:42:17','2019-04-09 00:42:17',NULL),(164,'34','83',2,'2019-04-09 00:42:48','2019-04-09 00:42:48',NULL),(165,'34','3',4,'2019-04-09 00:43:05','2019-04-09 00:43:05',NULL),(166,'34','86',4,'2019-04-09 00:48:31','2019-04-09 00:48:31',NULL),(167,'34','95',5,'2019-04-09 00:49:17','2019-04-09 00:49:17',NULL),(168,'29','16',1,'2019-04-09 00:51:10','2019-04-09 00:51:10',NULL),(169,'29','1',2,'2019-04-09 00:51:39','2019-04-09 00:51:39',NULL),(170,'29','3',3,'2019-04-09 00:51:54','2019-04-09 00:51:54',NULL),(171,'29','31',4,'2019-04-09 00:52:21','2019-04-09 00:52:21',NULL),(172,'29','83',5,'2019-04-09 00:52:34','2019-04-09 00:52:34',NULL),(173,'31','16',1,'2019-04-09 00:53:17','2019-04-09 00:53:17',NULL),(174,'31','105',2,'2019-04-09 00:53:43','2019-04-09 00:53:43',NULL),(175,'31','93',3,'2019-04-09 00:54:16','2019-04-09 00:54:16',NULL),(176,'31','31',4,'2019-04-09 00:54:49','2019-04-09 00:54:49',NULL),(177,'31','83',5,'2019-04-09 00:55:12','2019-04-09 00:55:12',NULL),(178,'33','16',1,'2019-04-09 00:58:25','2019-04-09 00:58:25',NULL),(179,'33','106',2,'2019-04-09 01:00:30','2019-04-09 01:00:30',NULL),(180,'33','101',3,'2019-04-09 01:09:37','2019-04-09 01:09:37',NULL),(181,'33','31',4,'2019-04-09 01:09:48','2019-04-09 01:09:48',NULL),(182,'33','83',5,'2019-04-09 01:10:15','2019-04-09 01:10:15',NULL),(183,'72','17',1,'2019-04-23 20:13:03','2019-04-23 20:13:03',NULL),(184,'72','2',2,'2019-04-23 20:13:19','2019-04-23 20:13:19',NULL),(185,'72','93',3,'2019-04-23 20:13:48','2019-04-23 20:13:48',NULL),(186,'72','97',4,'2019-04-23 20:14:15','2019-04-23 20:14:15',NULL),(187,'72','1',5,'2019-04-23 20:14:23','2019-04-23 20:14:23',NULL),(188,'85','17',1,'2019-04-23 20:15:19','2019-04-23 20:15:19',NULL),(189,'85','2',2,'2019-04-23 20:15:39','2019-04-23 20:15:39',NULL),(190,'85','93',3,'2019-04-23 20:16:19','2019-04-23 20:16:19',NULL),(191,'85','97',4,'2019-04-23 20:16:33','2019-04-23 20:16:33',NULL),(192,'85','1',5,'2019-04-23 20:16:43','2019-04-23 20:16:43',NULL),(193,'100','5',1,'2019-04-23 20:19:27','2019-04-23 20:19:27',NULL),(194,'100','51',2,'2019-04-23 20:20:01','2019-04-23 20:20:01',NULL),(195,'100','24',3,'2019-04-23 20:20:40','2019-04-23 20:20:40',NULL),(196,'100','3',4,'2019-04-23 20:38:38','2019-04-23 20:38:38',NULL),(197,'100','97',5,'2019-04-23 20:38:52','2019-04-23 20:38:52',NULL),(198,'101','44',1,'2019-04-23 20:41:47','2019-04-23 20:41:47',NULL),(199,'101','85',2,'2019-04-23 20:42:27','2019-04-23 20:42:27',NULL),(200,'101','85',2,'2019-04-23 20:42:29','2019-04-23 20:42:38','2019-04-23 20:42:38'),(201,'101','46',3,'2019-04-23 20:43:05','2019-04-23 20:43:05',NULL),(202,'101','103',4,'2019-04-23 20:43:47','2019-04-23 20:43:47',NULL),(203,'101','103',4,'2019-04-23 20:43:49','2019-04-23 20:43:57','2019-04-23 20:43:57'),(204,'101','1',5,'2019-04-23 20:44:22','2019-04-23 20:44:22',NULL),(205,'55','17',1,'2019-04-23 20:48:35','2019-04-23 20:48:35',NULL),(206,'55','16',2,'2019-04-23 20:48:57','2019-04-23 20:48:57',NULL),(207,'55','31',3,'2019-04-23 20:49:33','2019-04-23 20:49:33',NULL),(208,'55','3',4,'2019-04-23 20:49:56','2019-04-23 20:49:56',NULL),(209,'55','101',5,'2019-04-23 20:50:21','2019-04-23 20:50:21',NULL),(210,'73','17',1,'2019-04-23 20:52:11','2019-04-23 20:52:11',NULL),(211,'73','16',2,'2019-04-23 20:52:38','2019-04-23 20:52:38',NULL),(212,'73','31',3,'2019-04-23 20:52:58','2019-04-23 20:52:58',NULL),(213,'73','3',4,'2019-04-23 20:53:23','2019-04-23 20:53:23',NULL),(214,'73','101',5,'2019-04-23 20:53:38','2019-04-23 20:53:38',NULL),(215,'86','17',1,'2019-04-23 20:54:44','2019-04-23 20:54:44',NULL),(216,'86','16',2,'2019-04-23 20:54:54','2019-04-23 20:54:54',NULL),(217,'86','31',3,'2019-04-23 20:55:15','2019-04-23 20:55:15',NULL),(218,'86','3',4,'2019-04-23 20:55:44','2019-04-23 20:55:44',NULL),(219,'86','101',5,'2019-04-23 20:56:00','2019-04-23 20:56:00',NULL),(220,'30','24',4,'2019-04-23 20:59:06','2019-04-23 20:59:06',NULL),(221,'30','2',5,'2019-04-23 20:59:13','2019-04-23 20:59:13',NULL),(222,'71','86',1,'2019-04-23 21:01:57','2019-04-23 21:01:57',NULL),(223,'71','105',2,'2019-04-23 21:02:22','2019-04-23 21:02:22',NULL),(224,'71','101',3,'2019-04-23 21:02:48','2019-04-23 21:02:48',NULL),(225,'71','72',4,'2019-04-23 21:03:12','2019-04-23 21:03:12',NULL),(226,'71','31',5,'2019-04-23 21:03:42','2019-04-23 21:03:42',NULL),(227,'12','73',1,'2019-04-23 21:11:00','2019-04-23 21:11:00',NULL),(228,'12','32',2,'2019-04-23 21:11:24','2019-04-23 21:11:24',NULL),(229,'12','31',3,'2019-04-23 21:11:41','2019-04-23 21:11:41',NULL),(230,'12','95',4,'2019-04-23 21:16:13','2019-04-23 21:16:13',NULL),(231,'12','101',5,'2019-04-23 21:16:55','2019-04-23 21:16:55',NULL),(232,'15','73',1,'2019-04-23 21:17:41','2019-04-23 21:17:41',NULL),(233,'15','25',2,'2019-04-23 21:18:01','2019-04-23 21:18:01',NULL),(234,'15','31',3,'2019-04-23 21:18:24','2019-04-23 21:18:24',NULL),(235,'15','95',4,'2019-04-23 21:18:52','2019-04-23 21:18:52',NULL),(236,'15','1',5,'2019-04-23 21:19:09','2019-04-23 21:19:09',NULL),(237,'42','17',1,'2019-04-23 21:22:34','2019-04-23 21:22:34',NULL),(238,'42','105',2,'2019-04-23 21:23:08','2019-04-23 21:23:08',NULL),(239,'42','25',3,'2019-04-23 21:23:33','2019-04-23 21:23:33',NULL),(240,'42','31',4,'2019-04-23 21:23:55','2019-04-23 21:23:55',NULL),(241,'42','95',5,'2019-04-23 21:24:29','2019-04-23 21:24:29',NULL),(242,'48','17',1,'2019-04-23 21:29:18','2019-04-23 21:29:18',NULL),(243,'48','105',2,'2019-04-23 21:31:04','2019-04-23 21:31:04',NULL),(244,'48','25',3,'2019-04-23 21:31:26','2019-04-23 21:31:26',NULL),(245,'48','31',4,'2019-04-23 21:31:53','2019-04-23 21:31:53',NULL),(246,'48','95',5,'2019-04-23 21:32:23','2019-04-23 21:32:23',NULL),(247,'52','73',1,'2019-04-23 21:33:25','2019-04-23 21:33:25',NULL),(248,'52','64',2,'2019-04-23 21:34:12','2019-04-23 21:34:12',NULL),(249,'52','95',3,'2019-04-23 21:34:36','2019-04-23 21:34:36',NULL),(250,'52','101',4,'2019-04-23 21:36:44','2019-04-23 21:36:44',NULL),(251,'52','96',5,'2019-04-23 21:37:06','2019-04-23 21:37:06',NULL),(252,'53','73',1,'2019-04-23 21:38:14','2019-04-23 21:38:14',NULL),(253,'53','33',2,'2019-04-23 21:38:40','2019-04-23 21:38:40',NULL),(254,'53','101',3,'2019-04-23 21:39:12','2019-04-23 21:39:12',NULL),(255,'53','95',4,'2019-04-23 21:39:47','2019-04-23 21:39:47',NULL),(256,'53','96',5,'2019-04-23 21:40:08','2019-04-23 21:40:08',NULL),(257,'70','73',1,'2019-04-23 21:41:22','2019-04-23 21:41:22',NULL),(258,'70','33',2,'2019-04-23 21:41:44','2019-04-23 21:41:44',NULL),(259,'70','101',3,'2019-04-23 21:42:07','2019-04-23 21:42:07',NULL),(260,'70','95',4,'2019-04-23 21:42:28','2019-04-23 21:42:28',NULL),(261,'70','96',5,'2019-04-23 21:42:49','2019-04-23 21:42:49',NULL),(262,'82','17',1,'2019-04-23 21:50:14','2019-04-23 21:50:14',NULL),(263,'82','105',2,'2019-04-23 21:50:46','2019-04-23 21:50:46',NULL),(264,'82','77',3,'2019-04-23 21:51:13','2019-04-23 21:51:13',NULL),(265,'82','35',4,'2019-04-23 21:51:45','2019-04-23 21:51:45',NULL),(266,'82','95',5,'2019-04-23 21:51:56','2019-04-23 21:51:56',NULL),(267,'83','17',1,'2019-04-23 21:52:44','2019-04-23 21:52:44',NULL),(268,'83','105',2,'2019-04-23 21:53:02','2019-04-23 21:53:02',NULL),(269,'83','77',3,'2019-04-23 21:53:24','2019-04-23 21:53:24',NULL),(270,'83','35',4,'2019-04-23 21:53:57','2019-04-23 21:53:57',NULL),(271,'83','95',5,'2019-04-23 21:54:08','2019-04-23 21:54:08',NULL),(272,'98','73',1,'2019-04-23 21:55:44','2019-04-23 21:55:44',NULL),(273,'98','51',2,'2019-04-23 21:56:22','2019-04-23 21:56:22',NULL),(274,'98','5',3,'2019-04-23 21:56:41','2019-04-23 21:56:41',NULL),(275,'98','93',4,'2019-04-23 21:57:12','2019-04-23 21:57:12',NULL),(276,'98','3',5,'2019-04-23 21:57:24','2019-04-23 21:57:24',NULL),(277,'11','73',1,'2019-04-23 23:52:51','2019-04-23 23:52:51',NULL),(278,'11','32',2,'2019-04-23 23:53:18','2019-04-23 23:53:18',NULL),(279,'11','31',3,'2019-04-23 23:53:29','2019-04-23 23:53:29',NULL),(280,'11','95',4,'2019-04-23 23:53:56','2019-04-23 23:53:56',NULL),(281,'11','101',5,'2019-04-24 00:11:35','2019-04-24 00:11:35',NULL),(282,'14','73',1,'2019-04-24 00:12:15','2019-04-24 00:12:15',NULL),(283,'14','25',2,'2019-04-24 00:12:38','2019-04-24 00:12:38',NULL),(284,'14','31',3,'2019-04-24 00:13:03','2019-04-24 00:13:03',NULL),(285,'14','95',4,'2019-04-24 00:13:30','2019-04-24 00:13:30',NULL),(286,'14','1',5,'2019-04-24 00:14:01','2019-04-24 00:14:01',NULL),(287,'20','73',1,'2019-04-24 00:14:58','2019-04-24 00:14:58',NULL),(288,'20','51',2,'2019-04-24 00:15:31','2019-04-24 00:15:31',NULL),(289,'20','5',3,'2019-04-24 00:15:43','2019-04-24 00:15:43',NULL),(290,'20','93',4,'2019-04-24 00:16:12','2019-04-24 00:16:12',NULL),(291,'20','3',5,'2019-04-24 00:16:26','2019-04-24 00:16:26',NULL),(292,'38','73',1,'2019-04-24 00:17:21','2019-04-24 00:17:21',NULL),(293,'38','32',2,'2019-04-24 00:17:42','2019-04-24 00:17:42',NULL),(294,'38','31',3,'2019-04-24 00:17:56','2019-04-24 00:17:56',NULL),(295,'38','95',4,'2019-04-24 00:18:21','2019-04-24 00:18:21',NULL),(296,'38','101',5,'2019-04-24 00:18:32','2019-04-24 00:18:32',NULL),(297,'41','17',1,'2019-04-24 00:19:17','2019-04-24 00:19:17',NULL),(298,'41','105',2,'2019-04-24 00:19:44','2019-04-24 00:19:44',NULL),(299,'41','25',3,'2019-04-24 00:20:06','2019-04-24 00:20:06',NULL),(300,'41','31',4,'2019-04-24 00:20:31','2019-04-24 00:20:31',NULL),(301,'41','95',5,'2019-04-24 00:20:44','2019-04-24 00:20:44',NULL),(302,'44','73',1,'2019-04-24 00:21:28','2019-04-24 00:21:28',NULL),(303,'44','25',2,'2019-04-24 00:21:53','2019-04-24 00:21:53',NULL),(304,'44','31',3,'2019-04-24 00:22:10','2019-04-24 00:22:10',NULL),(305,'44','95',4,'2019-04-24 00:22:34','2019-04-24 00:22:34',NULL),(306,'44','1',5,'2019-04-24 00:22:52','2019-04-24 00:22:52',NULL),(307,'47','17',1,'2019-04-24 00:23:59','2019-04-24 00:23:59',NULL),(308,'47','105',2,'2019-04-24 00:24:22','2019-04-24 00:24:22',NULL),(309,'47','35',3,'2019-04-24 00:24:44','2019-04-24 00:24:44',NULL),(310,'47','31',4,'2019-04-24 00:24:56','2019-04-24 00:24:56',NULL),(311,'47','95',5,'2019-04-24 00:25:19','2019-04-24 00:25:19',NULL),(312,'84','105',1,'2019-04-24 00:51:55','2019-04-24 00:51:55',NULL),(313,'84','31',2,'2019-04-24 00:52:45','2019-04-24 00:52:45',NULL),(314,'84','32',3,'2019-04-24 00:53:08','2019-04-24 00:53:08',NULL),(315,'84','17',4,'2019-04-24 00:53:55','2019-04-24 00:53:55',NULL),(316,'84','3',5,'2019-04-24 00:54:07','2019-04-24 00:54:15','2019-04-24 00:54:15'),(317,'84','73',5,'2019-04-24 00:54:27','2019-04-24 00:54:27',NULL),(318,'96','73',1,'2019-04-24 00:56:06','2019-04-24 00:56:06',NULL),(319,'96','31',2,'2019-04-24 00:56:38','2019-04-24 00:56:38',NULL),(320,'96','32',3,'2019-04-24 00:56:51','2019-04-24 00:56:51',NULL),(321,'96','93',4,'2019-04-24 00:57:18','2019-04-24 00:57:18',NULL),(322,'96','97',5,'2019-04-24 01:03:40','2019-04-24 01:03:40',NULL),(323,'97','31',1,'2019-04-24 01:04:58','2019-04-24 01:04:58',NULL),(324,'97','32',2,'2019-04-24 01:05:16','2019-04-24 01:05:16',NULL),(325,'97','3',3,'2019-04-24 01:05:47','2019-04-24 01:05:47',NULL),(326,'97','73',4,'2019-04-24 01:05:58','2019-04-24 01:05:58',NULL),(327,'97','17',5,'2019-04-24 01:06:08','2019-04-24 01:06:08',NULL),(328,'57','17',1,'2019-04-24 01:46:02','2019-04-24 01:46:02',NULL),(329,'57','16',2,'2019-04-24 01:46:23','2019-04-24 01:46:23',NULL),(330,'57','1',3,'2019-04-24 01:46:54','2019-04-24 01:46:54',NULL),(331,'57','83',4,'2019-04-24 01:47:17','2019-04-24 01:47:17',NULL),(332,'57','52',5,'2019-04-24 01:47:53','2019-04-24 01:47:53',NULL),(333,'74','17',1,'2019-04-24 01:48:43','2019-04-24 01:48:43',NULL),(334,'74','16',2,'2019-04-24 01:48:58','2019-04-24 01:48:58',NULL),(335,'74','1',3,'2019-04-24 01:49:20','2019-04-24 01:49:20',NULL),(336,'74','83',4,'2019-04-24 01:49:49','2019-04-24 01:49:49',NULL),(337,'74','52',5,'2019-04-24 01:54:47','2019-04-24 01:54:47',NULL),(338,'104','17',1,'2019-04-24 01:56:06','2019-04-24 01:56:06',NULL),(339,'104','16',2,'2019-04-24 01:56:15','2019-04-24 01:56:15',NULL),(340,'104','51',3,'2019-04-24 01:56:46','2019-04-24 01:56:46',NULL),(341,'104','24',4,'2019-04-24 01:57:04','2019-04-24 01:57:04',NULL),(342,'104','3',5,'2019-04-24 01:57:23','2019-04-24 01:57:23',NULL),(343,'92','17',1,'2019-04-24 02:00:11','2019-04-24 02:00:11',NULL),(344,'92','31',2,'2019-04-24 02:00:33','2019-04-24 02:00:33',NULL),(345,'92','24',3,'2019-04-24 02:00:56','2019-04-24 02:00:56',NULL),(346,'92','3',4,'2019-04-24 02:01:12','2019-04-24 02:01:12',NULL),(347,'92','99',5,'2019-04-24 02:01:28','2019-04-24 02:01:28',NULL),(348,'93','17',1,'2019-04-24 02:02:26','2019-04-24 02:02:26',NULL),(349,'93','32',2,'2019-04-24 02:02:56','2019-04-24 02:02:56',NULL),(350,'93','31',3,'2019-04-24 02:03:09','2019-04-24 02:03:09',NULL),(351,'93','3',4,'2019-04-24 02:03:41','2019-04-24 02:03:41',NULL),(352,'93','99',5,'2019-04-24 02:03:53','2019-04-24 02:03:53',NULL),(353,'94','17',1,'2019-04-24 02:05:01','2019-04-24 02:05:01',NULL),(354,'94','31',2,'2019-04-24 02:05:11','2019-04-24 02:05:11',NULL),(355,'94','90',3,'2019-04-24 02:05:23','2019-04-24 02:05:23',NULL),(356,'94','1',4,'2019-04-24 02:05:48','2019-04-24 02:05:48',NULL),(357,'94','95',5,'2019-04-24 02:06:00','2019-04-24 02:06:00',NULL),(358,'95','17',1,'2019-04-24 02:07:01','2019-04-24 02:07:01',NULL),(359,'95','31',2,'2019-04-24 02:07:41','2019-04-24 02:07:41',NULL),(360,'95','103',3,'2019-04-24 02:08:08','2019-04-24 02:08:08',NULL),(361,'95','105',4,'2019-04-24 02:08:19','2019-04-24 02:08:19',NULL),(362,'95','94',5,'2019-04-24 02:08:39','2019-04-24 02:08:39',NULL),(363,'67','31',1,'2019-04-24 02:18:29','2019-04-24 02:18:29',NULL),(364,'67','32',2,'2019-04-24 02:18:49','2019-04-24 02:18:49',NULL),(365,'67','35',3,'2019-04-24 02:23:56','2019-04-24 02:23:56',NULL),(366,'67','73',4,'2019-04-24 02:24:19','2019-04-24 02:24:19',NULL),(367,'67','17',5,'2019-04-24 02:24:47','2019-04-24 02:24:47',NULL),(368,'43','17',1,'2019-04-24 02:27:00','2019-04-24 02:27:00',NULL),(369,'43','73',2,'2019-04-24 02:27:12','2019-04-24 02:27:12',NULL),(370,'43','105',3,'2019-04-24 02:27:30','2019-04-24 02:27:30',NULL),(371,'43','104',4,'2019-04-24 02:27:46','2019-04-24 02:27:46',NULL),(372,'43','35',5,'2019-04-24 02:28:09','2019-04-24 02:28:09',NULL),(373,'46','25',1,'2019-04-24 02:30:11','2019-04-24 02:30:11',NULL),(374,'46','31',2,'2019-04-24 02:30:29','2019-04-24 02:30:29',NULL),(375,'46','35',3,'2019-04-24 02:30:42','2019-04-24 02:30:42',NULL),(376,'46','73',4,'2019-04-24 02:31:12','2019-04-24 02:31:12',NULL),(377,'46','17',5,'2019-04-24 02:31:21','2019-04-24 02:31:21',NULL),(378,'49','17',1,'2019-04-24 02:33:09','2019-04-24 02:33:09',NULL),(379,'49','73',2,'2019-04-24 02:33:20','2019-04-24 02:33:20',NULL),(380,'49','105',3,'2019-04-24 02:33:41','2019-04-24 02:33:41',NULL),(381,'49','104',4,'2019-04-24 02:33:59','2019-04-24 02:33:59',NULL),(382,'49','35',5,'2019-04-24 02:34:16','2019-04-24 02:34:16',NULL),(383,'99','17',1,'2019-04-24 02:36:44','2019-04-24 02:36:44',NULL),(384,'99','73',2,'2019-04-24 02:36:56','2019-04-24 02:36:56',NULL),(385,'99','105',3,'2019-04-24 02:37:14','2019-04-24 02:37:14',NULL),(386,'99','104',4,'2019-04-24 02:37:28','2019-04-24 02:37:28',NULL),(387,'99','35',5,'2019-04-24 02:38:09','2019-04-24 02:38:09',NULL),(388,'105','5',1,'2019-04-24 02:39:21','2019-04-24 02:39:21',NULL),(389,'105','56',2,'2019-04-24 02:43:22','2019-04-24 02:43:22',NULL),(390,'105','51',3,'2019-04-24 02:43:43','2019-04-24 02:43:43',NULL),(391,'105','68',4,'2019-04-24 02:44:20','2019-04-24 02:44:20',NULL),(392,'105','60',5,'2019-04-24 02:44:32','2019-04-24 02:44:32',NULL),(393,'106','64',1,'2019-04-24 02:46:13','2019-04-24 02:46:13',NULL),(394,'106','34',2,'2019-04-24 02:46:42','2019-04-24 02:46:42',NULL),(395,'106','28',3,'2019-04-24 02:46:57','2019-04-24 02:46:57',NULL),(396,'106','73',4,'2019-04-24 02:47:16','2019-04-24 02:47:16',NULL),(397,'106','17',5,'2019-04-24 02:47:30','2019-04-24 02:47:30',NULL),(398,'107','25',1,'2019-04-24 02:50:30','2019-04-24 02:50:30',NULL),(399,'107','31',2,'2019-04-24 02:50:48','2019-04-24 02:50:48',NULL),(400,'107','35',3,'2019-04-24 02:51:04','2019-04-24 02:51:04',NULL),(401,'107','73',4,'2019-04-24 02:51:19','2019-04-24 02:51:19',NULL),(402,'107','17',5,'2019-04-24 02:51:30','2019-04-24 02:51:30',NULL),(403,'109','25',1,'2019-04-24 02:54:10','2019-04-24 02:54:10',NULL),(404,'109','25',1,'2019-04-24 02:54:13','2019-04-24 02:54:21','2019-04-24 02:54:21'),(405,'109','31',2,'2019-04-24 02:55:40','2019-04-24 02:55:40',NULL),(406,'109','35',3,'2019-04-24 02:56:01','2019-04-24 02:56:01',NULL),(407,'109','73',4,'2019-04-24 02:56:17','2019-04-24 02:56:17',NULL),(408,'109','17',5,'2019-04-24 02:56:30','2019-04-24 02:56:30',NULL),(409,'110','17',1,'2019-04-24 02:57:24','2019-04-24 02:57:24',NULL),(410,'110','73',2,'2019-04-24 02:57:34','2019-04-24 02:57:34',NULL),(411,'110','105',3,'2019-04-24 02:58:05','2019-04-24 02:58:05',NULL),(412,'110','106',4,'2019-04-24 02:58:16','2019-04-24 02:58:16',NULL),(413,'110','35',5,'2019-04-24 02:58:37','2019-04-24 02:58:37',NULL),(414,'111','17',1,'2019-04-24 02:59:41','2019-04-24 02:59:41',NULL),(415,'111','73',2,'2019-04-24 02:59:52','2019-04-24 02:59:52',NULL),(416,'111','105',3,'2019-04-24 03:00:14','2019-04-24 03:00:14',NULL),(417,'111','104',4,'2019-04-24 03:00:31','2019-04-24 03:00:31',NULL),(418,'111','35',5,'2019-04-24 03:00:50','2019-04-24 03:00:50',NULL),(419,'112','17',1,'2019-04-24 03:06:06','2019-04-24 03:06:06',NULL),(420,'112','73',2,'2019-04-24 03:06:15','2019-04-24 03:06:15',NULL),(421,'112','105',3,'2019-04-24 03:06:40','2019-04-24 03:06:40',NULL),(422,'112','104',4,'2019-04-24 03:06:53','2019-04-24 03:06:53',NULL),(423,'112','35',5,'2019-04-24 03:07:27','2019-04-24 03:07:27',NULL),(424,'112','35',5,'2019-04-24 03:07:28','2019-04-24 03:07:28',NULL),(425,'72','16',3,'2019-04-24 09:13:01','2019-04-24 09:13:14','2019-04-24 09:13:14'),(427,'120','1',1,NULL,NULL,NULL),(428,'120','2',2,NULL,NULL,'2020-01-01 00:37:21'),(429,'120','2',2,'2020-01-01 00:42:32','2020-01-01 00:42:32','2020-01-01 00:43:25');
/*!40000 ALTER TABLE `skill_matrix` ENABLE KEYS */;
UNLOCK TABLES;

--
-- Table structure for table `skill_types`
--

DROP TABLE IF EXISTS `skill_types`;
/*!40101 SET @saved_cs_client     = @@character_set_client */;
/*!40101 SET character_set_client = utf8 */;
CREATE TABLE `skill_types` (
  `id` int(10) unsigned NOT NULL AUTO_INCREMENT,
  `name` varchar(255) COLLATE utf8mb4_unicode_ci NOT NULL,
  `description` text COLLATE utf8mb4_unicode_ci,
  `created_at` timestamp NULL DEFAULT NULL,
  `updated_at` timestamp NULL DEFAULT NULL,
  `deleted_at` timestamp NULL DEFAULT NULL,
  PRIMARY KEY (`id`)
) ENGINE=InnoDB AUTO_INCREMENT=11 DEFAULT CHARSET=utf8mb4 COLLATE=utf8mb4_unicode_ci;
/*!40101 SET character_set_client = @saved_cs_client */;

--
-- Dumping data for table `skill_types`
--

LOCK TABLES `skill_types` WRITE;
/*!40000 ALTER TABLE `skill_types` DISABLE KEYS */;
INSERT INTO `skill_types` VALUES (1,'Hard Skill Competency','this is so hard','2019-03-07 16:11:36','2019-03-16 01:42:03',NULL),(2,'Soft Skill Competency','this is so soft','2019-03-07 16:12:45','2019-03-16 01:42:30',NULL),(4,'lalala','lololo','2019-03-10 21:07:31','2019-03-10 21:08:40','2019-03-10 21:08:40'),(5,'asdd','asdsad','2019-03-10 21:09:37','2019-03-11 06:25:30','2019-03-14 07:35:43'),(6,'test lagi','test lagi','2019-03-10 21:11:58','2019-03-10 21:12:18','2019-03-10 21:12:18'),(7,'asdsad',NULL,'2019-03-11 06:25:05','2019-03-11 06:25:21','2019-03-11 06:25:21'),(8,'ac','aac','2019-03-15 02:26:12','2019-03-15 02:26:24','2019-03-15 02:26:24'),(9,'Managerial Competency',NULL,'2019-03-16 01:42:45','2019-03-16 01:42:45',NULL),(10,'Core Competency',NULL,'2019-03-16 01:43:05','2019-03-16 01:43:05',NULL);
/*!40000 ALTER TABLE `skill_types` ENABLE KEYS */;
UNLOCK TABLES;

--
-- Table structure for table `skill_units`
--

DROP TABLE IF EXISTS `skill_units`;
/*!40101 SET @saved_cs_client     = @@character_set_client */;
/*!40101 SET character_set_client = utf8 */;
CREATE TABLE `skill_units` (
  `id` int(10) unsigned NOT NULL AUTO_INCREMENT,
  `id_dictionary` int(11) NOT NULL,
  `level_desc` varchar(255) COLLATE utf8mb4_unicode_ci NOT NULL DEFAULT '' COMMENT 'level description',
  `level` int(11) NOT NULL COMMENT 'level (intermediate, etc)',
  `description` text COLLATE utf8mb4_unicode_ci NOT NULL,
  `create_by` int(10) unsigned DEFAULT NULL,
  `deleted_at` timestamp NULL DEFAULT NULL,
  `created_at` timestamp NULL DEFAULT NULL,
  `updated_at` timestamp NULL DEFAULT NULL,
  PRIMARY KEY (`id`)
) ENGINE=InnoDB AUTO_INCREMENT=438 DEFAULT CHARSET=utf8mb4 COLLATE=utf8mb4_unicode_ci;
/*!40101 SET character_set_client = @saved_cs_client */;

--
-- Dumping data for table `skill_units`
--

LOCK TABLES `skill_units` WRITE;
/*!40000 ALTER TABLE `skill_units` DISABLE KEYS */;
INSERT INTO `skill_units` VALUES (1,1,'',1,'Melakukan pekerjaan tanpa pengawasan yang dilakukan secara terus menerus oleh atasan ',NULL,'2019-12-24 01:27:41',NULL,NULL),(2,1,'',2,'Bekerja lembur, bekerja dimalam hari dan sebagainya untuk menyelesaikan tugas, meskipun tidak diharuskan / diminta ',NULL,NULL,NULL,NULL),(3,1,'',3,'Melampaui deskripsi pekerjaan, misalnya melakukan pekerjaan tambahan atas inisiatif sendiri ',NULL,NULL,NULL,NULL),(4,1,'',4,'Tanpa diminta membagikan informasi mengenai perbaikan metode kerja kepada rekan kerja',NULL,NULL,NULL,NULL),(5,1,'',5,'Dengan sukarela menyelesaikan berbagai tugas sulit yang orang lain tidak mampu menyelesaikan atau tidak ingin  kerjakan.',NULL,NULL,NULL,NULL),(6,2,'',1,'Menghindari membuat komentar negatif ketika terjadi permasalahan dan membantu sesama anggota tim ketika diminta ',NULL,NULL,NULL,NULL),(7,2,'',2,'Berpartisipasi secara aktif dalam rapat mingguan tim/departemen, menempatkan kepentingan/tujuan tim/kelompok di atas kepentingan/tujuan pribadi',NULL,NULL,NULL,NULL),(8,2,'',3,'Saling menghargai dan menghormati hasil kerja yang dilakukan oleh rekan kerja',NULL,NULL,NULL,NULL),(9,2,'',4,'Secara efektif membantu mamfasilitasi pemecahan masalah sebagai sebuah tim, menunjukkan kepedulian akan produktivitas atau hasil kerja anggota satu tim, menawarkan bantuan dan petunjuk yang dibutuhkan',NULL,NULL,NULL,NULL),(10,2,'',5,'Menciptakan suasana bersahabat dan moral yang baik serta meciptakan konflik terbuka kepada seluruh anggota tim dengan tujuan meningkatkan kompetensi, keberanian dan kerjasama anggota ( termasuk memberi penjelasan secara terbuka, tidak menyembunyikan isu ) ',NULL,NULL,NULL,NULL),(11,1,'intermediatex',9,'testx',NULL,'2019-03-13 19:38:29','2019-03-13 19:02:46','2019-03-13 19:38:29'),(12,1,'beginer',7,'asd',NULL,'2019-03-13 19:26:49','2019-03-13 19:04:41','2019-03-13 19:26:49'),(13,1,'Beginers',7,'asdwer',NULL,'2019-03-13 20:08:26','2019-03-13 20:07:42','2019-03-13 20:08:26'),(14,1,'musted',32,'having',NULL,'2019-03-13 23:12:59','2019-03-13 23:12:32','2019-03-13 23:12:59'),(15,1,'Beginers',3,'cobas',NULL,'2019-03-13 23:54:00','2019-03-13 23:52:52','2019-03-13 23:54:00'),(16,15,'Beginers',3,'x',NULL,'2019-03-14 00:17:16','2019-03-14 00:16:27','2019-03-14 00:17:16'),(17,16,'Level 1',1,'Melaksanakan peraturan dan kode etik organisasi',NULL,NULL,'2019-03-14 02:17:57','2019-03-14 02:17:57'),(18,16,'Level 2',2,'Memberikan informasi yang dapat dipercaya kebenarannya dengan cara yang pantas',NULL,NULL,'2019-03-14 02:18:24','2019-03-14 02:18:24'),(19,16,'Level 3',3,'Menerapkan norma-norma secara konsisten dalam setiap situasi',NULL,NULL,'2019-03-14 02:19:42','2019-03-14 02:19:42'),(20,16,'Level 4',4,'Mendukung dan menerapkan prinsip moral dan standar etika yang tinggi, serta berani menangung konsekuensinya',NULL,NULL,'2019-03-14 02:20:09','2019-03-14 02:20:09'),(21,16,'Level 5',5,'Ketika atasan langsung/manajer sudah membuat keputusan yang tidak tepat dalam suatu permasalahan, tetap berusaha mengingatkan hal itu meskipun kemungkinan akan memberi pengaruh negatif pada penilaian kerja sendiri',NULL,NULL,'2019-03-14 02:20:36','2019-03-14 02:20:36'),(22,17,'Level 1',1,'Mendorong terciptanya lingkungan kerja yang aman',NULL,NULL,'2019-03-14 02:23:30','2019-03-14 02:23:30'),(23,17,'lEVEL 2',2,'Secara efektif dapat menilai bahaya yang potensial dan dapat menentukan konsekuensi yang mungkin terjadi',NULL,NULL,'2019-03-14 02:24:03','2019-03-14 02:24:03'),(24,17,'Level 3',3,'Konsisten menerapkan praktek-praktek keselamatan kerja yang standar',NULL,NULL,'2019-03-14 02:24:48','2019-03-14 02:24:48'),(25,17,'Level 4',4,'Secara aktif menghindari situasi yang mungkin mengarah pada bahaya untuk mengurangi resiko cedera, baik terhadap diri sendiri maupun orang lain',NULL,NULL,'2019-03-14 02:25:20','2019-03-14 02:25:20'),(26,17,'Level 5',5,'Mengawasi masalah keselamatan dan keamanan kerja setelah dilakukan tindakan perbaikan',NULL,NULL,'2019-03-14 02:26:03','2019-03-14 02:26:03'),(27,18,'Level 1',1,'Mendorong terciptanya lingkungan kerja yang aman',NULL,NULL,'2019-03-14 02:27:19','2019-03-14 02:27:19'),(28,18,'Level 2',2,'Secara efektif dapat menilai bahaya yang potensial dan dapat menentukan konsekuensi yang mungkin terjadi',NULL,NULL,'2019-03-14 02:27:49','2019-03-14 02:27:49'),(29,18,'Level 3',3,'Konsisten menerapkan praktek-praktek keselamatan kerja yang standar',NULL,NULL,'2019-03-14 02:28:16','2019-03-14 02:28:16'),(30,18,'Level 4',4,'Secara aktif menghindari situasi yang mungkin mengarah pada bahaya untuk mengurangi resiko cedera, baik terhadap diri sendiri maupun orang lain',NULL,NULL,'2019-03-14 02:29:00','2019-03-14 02:29:00'),(31,18,'Level 5',5,'Mengawasi masalah keselamatan dan keamanan kerja setelah dilakukan tindakan perbaikan',NULL,NULL,'2019-03-14 02:29:41','2019-03-14 02:29:41'),(32,19,'Level 1',1,'Menggali/mengajukan pertanyaan kepada pihak lain untuk mengetahui semua kebutuhan, minat, perhatian dan permasalahan yang dihadapi, melakukan dialog dengan pihak lain untuk meyelaraskan kepentingan yang bertentangan, melakukan kesepakatan dalam lingkup pekerjaan operasional sesuai petunjuk dari atasan',NULL,NULL,'2019-03-14 02:35:00','2019-03-14 02:35:00'),(33,19,'Level 2',2,'Menetapkan langkah kerja untuk berdiskusi dalam mencapai kesepakatan, mampu mengawali dan mengarahkan dialog untuk menyelaraskan berbagai kepentingan yang bertentangan sesuai kerangka kerja yang telah dibuat',NULL,NULL,'2019-03-14 02:35:27','2019-03-14 02:35:27'),(34,19,'Level 3',3,'Menggali dan menggunakan informasi dari berbagai sumber yang ada untuk meminimalkan hambatan dalam mencapai kesepakatan serta mampu melihat dari berbagai sudut pandang dalam melakukan negosiasi',NULL,NULL,'2019-03-14 02:35:57','2019-03-14 02:35:57'),(35,19,'Level 4',4,'Mempertimbangkan pemikiran/pandangan orang lain dalam mencapai kesepakatan yang saling menguntungkan, mampu mencapai kesepakatan yang saling menguntungkan dengan tidak merusak hubungan',NULL,NULL,'2019-03-14 02:36:26','2019-03-14 02:36:26'),(36,19,'Level 5',5,'Mencapai kesepakatan yang saling menguntungkan tanpa membuat banyak konsensi serta mampu menyelaraskan berbagai kepentingan yang bertentangan mengenai masalah yang strategis',NULL,NULL,'2019-03-14 02:36:55','2019-03-14 02:36:55'),(37,1,'test',1,'test',NULL,'2019-03-14 02:54:35','2019-03-14 02:54:27','2019-03-14 02:54:35'),(38,21,'Beginers',2,'startx',NULL,'2019-03-14 05:16:46','2019-03-14 05:16:18','2019-03-14 05:16:46'),(39,78,'Beginers',12,'siap teruss',NULL,'2019-03-16 11:19:53','2019-03-16 11:17:41','2019-03-16 11:19:53'),(40,71,'Level 1',1,'Menetapkan sasaran yang realistis dan menyusun rencana jangka pendek untuk pencapaian sasaran',NULL,NULL,'2019-03-17 23:38:04','2019-03-17 23:38:04'),(41,71,'Level 2',2,'Mengidentifikasi dan menggunakan proses dan prosedur yang baik dan benar untuk mengelola pekerjaan',NULL,NULL,'2019-03-17 23:40:58','2019-03-17 23:40:58'),(42,71,'Level 3',3,'Membagi pekerjaan ke dalam tugas-tugas yang lebih spesifik, menetapkan prioritas, dan jangka waktu',NULL,NULL,'2019-03-17 23:41:57','2019-03-17 23:41:57'),(43,71,'Level 4',4,'Membuat perencanaan dan mengorganisir beberapa kegiatan atau tugas secara simultan dan efisien',NULL,NULL,'2019-03-17 23:42:35','2019-03-17 23:42:35'),(44,71,'Level 5',5,'Mengidentifikasi hambatan yang mungkin timbul dan membuat rencana kontingensi sebagai antisipasinya',NULL,NULL,'2019-03-17 23:42:56','2019-03-17 23:42:56'),(45,77,'Level 1',1,'Mengenali situasi/pilihan yang tepat untuk bertindak sesuai kewenangan',NULL,NULL,'2019-03-17 23:46:35','2019-03-17 23:46:35'),(46,77,'Level 1',1,'Mengenali situasi/pilihan yang tepat untuk bertindak sesuai kewenangan',NULL,'2019-03-17 23:47:21','2019-03-17 23:47:10','2019-03-17 23:47:21'),(47,77,'Level 2',2,'Mengembangkan alternatif solusi yang tepat dalam pekerjaan rutin beradasarkan kebijakan dan prosedur yang telah ditentukan',NULL,NULL,'2019-03-17 23:48:56','2019-03-17 23:48:56'),(48,77,'Level 3',3,'Membuat kesimpulan dari berbagai sumber informasi sesuai dengan pedoman yang ada',NULL,NULL,'2019-03-17 23:49:17','2019-03-17 23:49:17'),(49,77,'Level 3',3,'Membuat kesimpulan dari berbagai sumber informasi sesuai dengan pedoman yang ada',NULL,'2019-03-17 23:49:48','2019-03-17 23:49:42','2019-03-17 23:49:48'),(50,77,'Level 4',4,'Menghasilkan solusi dan berbagai masalah yang kompleks, terkait dengan bidang kerjanya dan berdampak pada pihak lain',NULL,NULL,'2019-03-17 23:50:18','2019-03-17 23:50:18'),(51,77,'Level 4',4,'Menghasilkan solusi dan berbagai masalah yang kompleks, terkait dengan bidang kerjanya dan berdampak pada pihak lain',NULL,'2019-03-17 23:50:35','2019-03-17 23:50:28','2019-03-17 23:50:35'),(52,77,'Level 5',5,'Menghasilkan solusi yang dapat mengatasi permasalahan jangka panjang',NULL,NULL,'2019-03-17 23:50:57','2019-03-17 23:50:57'),(53,89,'Level 1',1,'Mengatasi masalah sederhana secara efektif dengan menggunakan panduan yang ada',NULL,NULL,'2019-03-17 23:52:54','2019-03-17 23:52:54'),(54,89,'Level 2',2,'Memperimbangkan dampak langsung yang akan terjadi, serta segera mengambil keputusan yang tepat',NULL,NULL,'2019-03-17 23:53:16','2019-03-17 23:53:16'),(55,89,'Level 3',3,'Membuat keputusan berdasarkan analisis mendalam dengan menggunakan metode tertentu',NULL,NULL,'2019-03-17 23:53:37','2019-03-17 23:53:37'),(56,89,'Level 4',4,'Membuat analisa dampak yang akan dihadapi dan mengambil keputusan yang jelas',NULL,NULL,'2019-03-17 23:53:57','2019-03-17 23:53:57'),(57,89,'Level 5',5,'Menyusun dan atau memutuskan konsep penyelesaian masalah yang melibatkan beberapa/seluruh fungsi dalam organisasi',NULL,NULL,'2019-03-17 23:54:19','2019-03-17 23:54:19'),(58,89,'Level 5',5,'Menyusun dan atau memutuskan konsep penyelesaian masalah yang melibatkan beberapa/seluruh fungsi dalam organisasi',NULL,'2019-03-17 23:54:38','2019-03-17 23:54:30','2019-03-17 23:54:38'),(59,90,'Level 1',1,'Memberikan perhatian penuh terhadap permasalahan orang lain',NULL,NULL,'2019-03-17 23:55:40','2019-03-17 23:55:40'),(60,90,'Level 2',2,'Menggunakan kata dan tindakan yang tepat dalam membantu orang lain meningkatkan kinerjanya',NULL,NULL,'2019-03-17 23:58:10','2019-03-17 23:58:10'),(61,90,'Level 3',3,'Memberi apresiasi yang sesuai kepada orang lain yang berprestasi',NULL,NULL,'2019-03-17 23:58:41','2019-03-17 23:58:41'),(62,90,'Level 4',4,'Menggunakan dan menyesuaikan beberapa pendekatan dalam usaha untuk meningkatkan motivasi kerja orang lain',NULL,NULL,'2019-03-17 23:59:03','2019-03-17 23:59:03'),(63,90,'Level 5',5,'Memberikan contoh atau menjadi panutan bagi orang lain',NULL,NULL,'2019-03-17 23:59:24','2019-03-17 23:59:24'),(64,91,'Level 1',1,'Memahami persoalan dari semua perspektif',NULL,NULL,'2019-03-18 00:00:12','2019-03-18 00:00:12'),(65,91,'Level 2',2,'Mengidentifikasi sumber-sumber konflik berdasarkan jenis konflik',NULL,NULL,'2019-03-18 00:00:32','2019-03-18 00:00:32'),(66,91,'Level 3',3,'Mengupayakan berbagai pihak untuk bersikap terbuka dan objektif dalam penyelesaian konflik',NULL,NULL,'2019-03-18 00:00:53','2019-03-18 00:00:53'),(67,91,'Level 4',4,'Memberikan beberapa alternatif solusi dengan berbagai konsekuensinya',NULL,NULL,'2019-03-18 00:01:19','2019-03-18 00:01:19'),(68,91,'Level 5',5,'Menumbuhkan kondisi yang kondusif untuk berbagi pandangan yang terbuka dan objektif serta kreatif',NULL,NULL,'2019-03-18 00:01:40','2019-03-18 00:01:40'),(69,92,'Level 1',1,'Terbuka terhadap ide-ide baru',NULL,NULL,'2019-03-18 00:02:22','2019-03-18 00:02:22'),(70,92,'Level 1',1,'Terbuka terhadap ide-ide baru',NULL,'2019-03-18 00:02:41','2019-03-18 00:02:35','2019-03-18 00:02:41'),(71,92,'Level 2',2,'Memanfaatkan vsi sebagai acuan dalam menetapkan langkah-langkah strategis',NULL,NULL,'2019-03-18 00:04:04','2019-03-18 00:04:04'),(72,92,'Level 3',3,'Mendukung dan memprakarsai inisiatif strategis orang lain',NULL,NULL,'2019-03-18 00:05:15','2019-03-18 00:05:15'),(73,92,'Level 3',3,'Mendukung dan memprakarsai inisiatif strategis orang lain',NULL,'2019-03-18 00:05:54','2019-03-18 00:05:47','2019-03-18 00:05:54'),(74,92,'Level 4',4,'Merumuskan rencana strategi jangka panjang untuk organisasi dan/ atau departmen',NULL,NULL,'2019-03-18 00:07:44','2019-03-18 00:07:44'),(75,92,'Level 5',5,'Menciptakan dan memprakarsai gagasan-gagasan baru sampai berhasil diimplementasikan',NULL,NULL,'2019-03-18 00:08:04','2019-03-18 00:08:04'),(76,103,'Level 1',1,'Menggunakan aturan dasar, logika dan pengalaman masa lampau, pola (pattern) dalam mengidentifikasi masalah',NULL,NULL,'2019-03-18 00:08:58','2019-03-18 00:08:58'),(77,103,'Level 2',2,'Menerapkan pengetahuan masa lalu, kecenderungan dan hubungan antara berbagai situasi yang berbeda',NULL,NULL,'2019-03-18 00:09:15','2019-03-18 00:09:15'),(78,103,'Level 3',3,'Mengidentifikasi isu kunci dalam situasi kompleks',NULL,NULL,'2019-03-18 00:09:34','2019-03-18 00:09:34'),(79,103,'Level 4',4,'Memformulasikan penjelasan yang berguna untuk permasalahan-permasalahan, situasi-situasi, atau kesempatan yang kompleks',NULL,NULL,'2019-03-18 00:09:53','2019-03-18 00:09:53'),(80,103,'Level 5',5,'Menyelesaikan suatu permasalahan yang kompleks dengan menggunakan modal atau teori baru yang diciptakan',NULL,NULL,'2019-03-18 00:10:15','2019-03-18 00:10:15'),(81,104,'Level 1',1,'Memliki keinginan untuk memimpin atau mengarahkan orang lain',NULL,NULL,'2019-03-18 00:10:53','2019-03-18 00:10:53'),(82,104,'Level 2',2,'Mengetahui kelebihan dan kelemahan dari orang lain/bawahan yang berhubungan dalam pekerjaan',NULL,NULL,'2019-03-18 00:11:12','2019-03-18 00:11:12'),(83,104,'Level 3',3,'Mendelegasikan dan memberi tugas kepada bawahan sesuai kemampuannya',NULL,NULL,'2019-03-18 00:11:31','2019-03-18 00:11:31'),(84,104,'Level 4',4,'Mendidik, melatih dan mempersiapkan orang lain/bawahan untuk menjadi efektif dalam pekerjaan mereka',NULL,NULL,'2019-03-18 00:11:50','2019-03-18 00:11:50'),(85,104,'Level 5',5,'Menyelaraskan kebutuhan bawahan dengan visi/misi organisasi',NULL,NULL,'2019-03-18 00:12:09','2019-03-18 00:12:09'),(86,105,'Level 1',1,'Memberi tugas-tugas kepada anggota tim sesuai kemampuannya',NULL,NULL,'2019-03-18 00:13:11','2019-03-18 00:13:11'),(87,105,'Level 2',2,'Menggunakan wewenang secara adil dan obyektif',NULL,NULL,'2019-03-18 00:13:29','2019-03-18 00:13:29'),(88,105,'Level 3',3,'Memberikan contoh yang baik dalam hal kerja keras',NULL,NULL,'2019-03-18 00:13:53','2019-03-18 00:13:53'),(89,105,'Level 4',4,'Mendorong anggota tim untuk berprestasi dan bekerja lebih dari standar yang ditetapkan',NULL,NULL,'2019-03-18 00:14:16','2019-03-18 00:14:16'),(90,105,'Level 5',5,'Menunjukkan usaha-usaha pribadi yang diperlukan dalam mengarahkan anggota secara efektif dan konsisten',NULL,NULL,'2019-03-18 00:14:36','2019-03-18 00:14:36'),(91,106,'Level 1',1,'Memahami setiap orang memiliki potensi dan kemampuan masing-masing',NULL,NULL,'2019-03-18 00:16:44','2019-03-18 00:16:44'),(92,106,'Level 2',2,'Mengamati bawahan dalam mengerjakan tugasnya dan memberikan umpan balik yang objektif dan jujur',NULL,NULL,'2019-03-18 00:25:28','2019-03-18 00:25:28'),(93,106,'Level 3',3,'Mendelegasikan pekerjaan dalam rangka meningkatkan kemampuan bawahan',NULL,NULL,'2019-03-18 00:25:51','2019-03-18 00:25:51'),(94,106,'Level 4',4,'Menyusun program pengembangan jangka panjang bersama-sama dengan bawahan, termasuk didalamnya penetapan tujuan, bimbingan, penugasan, dan pengalaman lainnya',NULL,NULL,'2019-03-18 00:26:11','2019-03-18 00:26:11'),(95,106,'Level 5',5,'Memberikan inspirasi kepada individu atau kelompok untuk belajar secara berkelanjutan',NULL,NULL,'2019-03-18 00:26:30','2019-03-18 00:26:30'),(96,3,'Level 1',1,'Menjaga tempat kerja selalu terorganisir dengan memelihara lingkungan kerja yang teratur dengan meja, berkas-berkas, perkakas, dan sebagainya dalam susunan yang baik.',NULL,NULL,'2019-03-18 00:31:49','2019-03-18 00:31:49'),(97,3,'Level 2',2,'Selalu mencari tahu informasi dan mengkonfirmasi ulang mengenai kejelasan tugas dari berbagai data dan sumber daya yang digunakan',NULL,NULL,'2019-03-18 00:32:08','2019-03-18 00:32:08'),(98,3,'Level 3',3,'Melakukan penngecekan ulang atas akurasi informasi atau pekerjaan sendiri untuk menemukan kelemahan atau kehilangan data',NULL,NULL,'2019-03-18 00:32:29','2019-03-18 00:32:29'),(99,3,'Level 4',4,'Selalu melakukan pencatatan seluruh proses kerja secara detail dan jelas guna meyakinkan bahwa prosuder yang berlaku sudah dilaksanakan dengan baik',NULL,NULL,'2019-03-18 00:32:47','2019-03-18 00:32:47'),(100,3,'Level 5',5,'Melakukan pengelompokkan setiap data/berkas untuk menjaga keteraturan dan mengorganisir kemampuan lacak, misal dengan mengurutkan menggunakan abjad atau pengelompokkan berdasarkan departemen',NULL,NULL,'2019-03-18 00:33:08','2019-03-18 00:33:08'),(101,93,'Level 1',1,'Menyampaikan informasi, pikiran atau pendapat dengan jelas, singkat, dan tepat dengan menggunakan cara/media yang sesuai',NULL,NULL,'2019-03-18 00:34:23','2019-03-18 00:34:23'),(102,93,'Level 2',2,'Menangkap dan menginterpretasikan pesan-pesan dari orang lain, serta memberikan respon yang sesuai',NULL,NULL,'2019-03-18 00:34:43','2019-03-18 00:34:43'),(103,93,'Level 3',3,'Menggunakan gaya komunikasi yang informal untuk meningkatkan hubungan antar pribadi',NULL,NULL,'2019-03-18 00:35:06','2019-03-18 00:35:06'),(104,93,'Level 4',4,'Menyampaikan suatu informasi yang sensitif dan atau rumit dengan cara penyampaian dan kondisi yang tepat, sehingga dapat dipahami pihak lain',NULL,NULL,'2019-03-18 00:35:53','2019-03-18 00:35:53'),(105,93,'Level 5',5,'Menyampaikan informasi kepada pihak lain dengan cara-cara yang menarik, mudah dimengerti, dan berbeda dari cara-cara konvensional',NULL,NULL,'2019-03-18 00:36:16','2019-03-18 00:36:16'),(106,94,'Level 1',1,'Menganalisa hubungan antar bagian dari permasalahan',NULL,NULL,'2019-03-18 00:37:27','2019-03-18 00:37:27'),(107,94,'Level 2',2,'Menetapkan prioritas permasalahan berdasarkan tingkat kepentingan',NULL,NULL,'2019-03-18 00:37:47','2019-03-18 00:37:47'),(108,94,'Level 3',3,'Mengantisipasi hambatan secara sistematis memecah persoalan yang kompleks menjadi komponen-komponennya sehingga mudah dipahami',NULL,NULL,'2019-03-18 00:38:08','2019-03-18 00:38:08'),(109,94,'Level 4',4,'Secara sistematis memecah masalah multi dimensi menjadi bagian-bagian yang mudah dipahami, atau menggunakan beberapa teknik analisis untuk mengidentifikasi beberapa alternatif solusi dan memberi prioritas atau bobot pada setiap alternatif solusi',NULL,NULL,'2019-03-18 00:38:49','2019-03-18 00:38:49'),(110,94,'Level 5',5,'Memutuskan dan mengambil tindakan terbaik yang diperlukan untuk memecahkan masalah',NULL,NULL,'2019-03-18 00:54:34','2019-03-18 00:54:34'),(111,95,'Level 1',1,'Memahami inti permasalahan, menggunakan berbagai sumber/alternatif dalam pemecahan masalah',NULL,NULL,'2019-03-18 00:55:19','2019-03-18 00:55:19'),(112,95,'Level 2',2,'Menerapkan cara (pendekatan/metode/solusi) baru dalam melaksanakan pekerjaan dalam menghadapi situasi atau masalah yang leboh kompleks',NULL,NULL,'2019-03-18 00:55:48','2019-03-18 00:55:48'),(113,95,'Level 3',3,'Mengkombinasikan dan menerapkan pendekatan standar dengan cara baru yang lebih sesuai dengan kebutuhan organisasi',NULL,NULL,'2019-03-18 00:56:06','2019-03-18 00:56:06'),(114,95,'Level 4',4,'Membimbing timnya untuk dapat menemukan alternatif solusi dan menentukan target perbaikan kondisi dan proses kerja yang dilakukan',NULL,NULL,'2019-03-18 00:56:25','2019-03-18 00:56:25'),(115,95,'Level 5',5,'Mempelopori dan mendorong pengembangan pemikiran inovatif di seluruh organisasi',NULL,NULL,'2019-03-18 00:56:45','2019-03-18 00:56:45'),(116,96,'Level 1',1,'Berusaha mengendalikan diri dalam situasi yang menekan, sehingga tidak berpengaruh secara signifikan pada kinerja',NULL,NULL,'2019-03-18 00:57:30','2019-03-18 00:57:30'),(117,96,'Level 2',2,'Memulihkan diri dengan cepat dalam menghadapi tekanan',NULL,NULL,'2019-03-18 00:57:51','2019-03-18 00:57:51'),(118,96,'Level 3',3,'Ulet/tidak mudah menyerah dalam menghadapi hambatan demi terselesaikannya tugas',NULL,NULL,'2019-03-18 00:58:11','2019-03-18 00:58:11'),(119,96,'Level 4',4,'Mempertahankan sikap positif walaupun dalam menghadapi tekanan',NULL,NULL,'2019-03-18 00:58:42','2019-03-18 00:58:42'),(120,96,'Level 5',5,'Menjadikan tekanan sebagai tentangan',NULL,NULL,'2019-03-18 00:59:02','2019-03-18 00:59:02'),(121,97,'Level 1',1,'Memelihara hubungan kerja yang formal',NULL,NULL,'2019-03-18 01:00:04','2019-03-18 01:00:04'),(122,97,'Level 2',2,'Berinisiatif untuk melakukan hubungan informal sesuai kode etik organisasi dengan orang-orang di lingkungan kerja internal dan eksternal',NULL,NULL,'2019-03-18 01:00:22','2019-03-18 01:00:22'),(123,97,'Level 3',3,'Menyelenggarakan kontak informal di lingkungan kerja, baik dengan rekan maupun relasi',NULL,NULL,'2019-03-18 01:00:43','2019-03-18 01:00:43'),(124,97,'Level 4',4,'Mengalokasikan waktu dan usaha untuk memahami dan memenuhi kebutuhan pihak internal dan eksternal',NULL,NULL,'2019-03-18 01:01:11','2019-03-18 01:01:11'),(125,97,'Level 5',5,'Menjalin hubungan yang akrab dengan relasi; dan menggunakan hubungan personal untuk memperluas jaringan kerja',NULL,NULL,'2019-03-18 01:01:40','2019-03-18 01:01:40'),(126,98,'Level 1',1,'Memberikan usahanya dengan fokus pada tugas dengan prestasi rata rata',NULL,NULL,'2019-03-18 01:02:35','2019-03-18 01:02:35'),(127,98,'Level 2',2,'Mampu merencanakan ukuran keberhasilan kerjanya sendiri dan bertindak secara mendiri dengan mempertimbangkan hal seperti, manajemen waktu, tingkatan penjualan/produksi yang ingin dicapai, persaingan kerja dsb',NULL,NULL,'2019-03-18 01:02:52','2019-03-18 01:02:52'),(128,98,'Level 3',3,'Menunjukan keinginan untuk mencapai standar kerja yang telah ditetapkan melalui cara kerja yang lebih cepat, lebih efisien, lebih murah dsb.',NULL,NULL,'2019-03-18 01:03:13','2019-03-18 01:03:13'),(129,98,'Level 4',4,'Mempunyai kebijakan dalam sistem kerja, atau dalam kebiasaan kerjanya sendiri untuk memperbaiki kinerja  (menetapkan target kerja yang selalu meningkat dari waktu ke waktu)',NULL,NULL,'2019-03-18 01:03:32','2019-03-18 01:03:32'),(130,98,'Level 5',5,'Menetapkan suatu tindakan untuk mencapai tujuan-tujuan yang menantang baik menurut standar diri sendiri maupun standar dari orang lain. ( misalnya, meningkatkan ( penjualan / kualitas / produktuvitas sebanyak 15% dalam waktu 6 bulan).',NULL,NULL,'2019-03-18 01:04:03','2019-03-18 01:04:03'),(131,99,'Level 1',1,'Tetap menyelesaikan tugas pekerjaan setelah beberapa rekan kerja menginterupsi pekerjaan',NULL,NULL,'2019-03-18 01:04:44','2019-03-18 01:04:44'),(132,99,'Level 2',2,'Tetap mengerjakan proyek hingga selesai, walau pun penambahan tahapan dalam proyek itu terjadi di saat-saat terakhir',NULL,NULL,'2019-03-18 01:05:15','2019-03-18 01:05:15'),(133,99,'Level 3',3,'Terus bekerja mengerjakan tugas-tugas lain ketika komputer mati dan tidak dapat mengakses pekerjaan rutin',NULL,NULL,'2019-03-18 01:05:33','2019-03-18 01:05:33'),(134,99,'Level 4',4,'Mengerjakan tugas hingga selesai tepat waktu bahkan ketika atasan/perusahaan menarik dukungan bagi penyelesaian tugas itu',NULL,NULL,'2019-03-18 01:05:54','2019-03-18 01:05:54'),(135,99,'Level 5',5,'Menyelesaikan semua pekerjaan tepat waktu, meski pun terus menerus terjadi perubahan prioritas pengerjaan pekerjaan',NULL,NULL,'2019-03-18 01:06:13','2019-03-18 01:06:13'),(136,100,'Level 1',1,'Memberikan respon seadanya atas pertanyaan / kebutuhan konsumen dan tidak berusaha untuk mencari akar permasalahan atau mencari konteks masalah.',NULL,NULL,'2019-03-18 01:06:55','2019-03-18 01:06:55'),(137,100,'Level 2',2,'Menindaklanjuti kebutuhan, permintaan, dan keluhan dengan mendatangi meja kerja karyawan dari departemen lain untuk membantu mnyelesaikan masalah, daripada melalui telepon',NULL,NULL,'2019-03-18 01:07:15','2019-03-18 01:07:15'),(138,100,'Level 3',3,'Memperbaiki layanan kepada pelanggan, sesuai identifikasi kebutuhan dan keinginan pelanggan',NULL,NULL,'2019-03-18 01:07:36','2019-03-18 01:07:36'),(139,100,'Level 4',4,'Akif mencari masukan dari konsumen mengenai tingkat kepuasan mereka dengan peleyanan yang diberikan atau disediakan',NULL,NULL,'2019-03-18 01:08:14','2019-03-18 01:08:14'),(140,100,'Level 4',4,'Akif mencari masukan dari konsumen mengenai tingkat kepuasan mereka dengan peleyanan yang diberikan atau disediakan',NULL,'2019-03-18 01:08:22','2019-03-18 01:08:15','2019-03-18 01:08:22'),(141,100,'Level 5',5,'Menentukan strategi pelayanan pada perspektif jangka panjang guna memenuhi kebutuhan dan keinginan publik',NULL,NULL,'2019-03-18 01:08:41','2019-03-18 01:08:41'),(142,101,'Level 1',1,'Menunjukkan perhatian terhadap kejelasan dan keteraturan dalam menjalankan pekerjaan',NULL,NULL,'2019-03-18 01:09:50','2019-03-18 01:09:50'),(143,101,'Level 2',2,'Mengecek dan mengacu pada standar kualitas yang ada (sesuai prosedur, akurasi, ketepatan waktu, dan biaya)',NULL,NULL,'2019-03-18 01:10:10','2019-03-18 01:10:10'),(144,101,'Level 3',3,'Mengidentifikasi permasalahan serta membuat langkah-langkah pencegahan',NULL,NULL,'2019-03-18 01:10:29','2019-03-18 01:10:29'),(145,101,'Level 4',4,'Berusaha meningkatkan standar kerja yang dicapai tahun berikutnya dengan membuat rancangan standar kerja yang baru',NULL,NULL,'2019-03-18 01:10:51','2019-03-18 01:10:51'),(146,101,'Level 5',5,'Menciptakan cara-cara baru dalam melaksanakan fungsi supervisi efektif terhadap organisasi seperti menyusun KPI',NULL,NULL,'2019-03-18 01:11:24','2019-03-18 01:11:24'),(147,72,'Level 1',1,'Melaksanakan pekerjaan sebatas tuntutan tugas dan tanggung jawabnya',NULL,NULL,'2019-03-18 01:17:21','2019-03-18 01:17:21'),(148,72,'Level 2',2,'Menunjukkan kesetiaan, kesadaran untuk menyelesaikan tugasnya diluar tugas pokoknya agar tujuan organisasi tetap tercapai',NULL,NULL,'2019-03-18 01:17:45','2019-03-18 01:17:45'),(149,72,'Level 3',3,'Menyeleraskan kebutuhan pribadi dengan kebutuhan organisasi, mengerti kebutuhan bakerja sama untuk mencapai hasil yang lebih besar',NULL,NULL,'2019-03-18 01:18:07','2019-03-18 01:18:07'),(150,72,'Level 4',4,'Menempatkan kepentingan organisasi diatas kepentingan dan keinginan pribadi, status profesi dan kepentingan keluarga',NULL,NULL,'2019-03-18 01:18:35','2019-03-18 01:18:35'),(151,72,'Level 5',5,'Mmebuat keputusan yang tidak populer demi kepentingan organisasi dalam rangka menjaga citra organisasi walau bersifat kontroversial',NULL,NULL,'2019-03-18 01:18:59','2019-03-18 01:18:59'),(152,73,'Level 1',1,'Mengetahui prinsip dan manfaat dari 5S namun belum menerapkan secara maksimal di area kerja seperti ; barang-barang yang diperlukan dan tidak diperlukan bercampur menjadi satu, barang-barang masih ditempatkan secara acak dan tidak diberi tanda, serta metode pembersihan di area kerja tidak diikuti secara rutin dan sistematis',NULL,NULL,'2019-03-18 01:19:45','2019-03-18 01:19:45'),(153,73,'Level 2',2,'Mampu mensortir dan mengidentifikasi berbagai data atau dokumen yang diperlukan ke dalam satu file, kemudian di letakkan pada satu tempat yang sudah ditandai, membangun penampilan area kerja yang bersih dan lebih terorganisir',NULL,NULL,'2019-03-18 01:47:45','2019-03-18 01:47:45'),(154,73,'Level 3',3,'Mampu melakukan pengelolaan dan menandai semua dokumen dan laporan yang ada di area kerja, mampu membuat matriks data informasi terkait dokumen pengelolaan 5S, serta mampu melakukan pemeliharaan sistem 5S yang sudah berjalan',NULL,NULL,'2019-03-18 01:48:10','2019-03-18 01:48:10'),(155,73,'Level 4',4,'Mampu melakukan pemeliharaan sistem 5S pada satu department, dapat membantu kesulitan rekan kerja dengan menemukan data/dokumen yang dicari dalam waktu 30 detik, dan turut andil dalam proses audit 5S di perusahaan',NULL,NULL,'2019-03-18 01:48:32','2019-03-18 01:48:32'),(156,73,'Level 5',5,'Mampu melakukan pembaharuan sistem pemeliharaan 5S selama sebulan sekali agar proses kerja bisa menjadi lebih efektif dan efisien',NULL,NULL,'2019-03-18 01:50:12','2019-03-18 01:50:12'),(157,20,'Level 1',1,'Mampu mengurus dan menindaklanjuti perubahan letter of credit',NULL,NULL,'2019-03-18 01:52:24','2019-03-18 01:52:24'),(158,20,'Level 2',2,'Mampu menghitung biaya import',NULL,NULL,'2019-03-18 01:52:45','2019-03-18 01:52:45'),(159,20,'Level 3',3,'Mampu melakukan prosedur kepabeanan kawasan berikat',NULL,NULL,'2019-03-18 01:53:04','2019-03-18 01:53:04'),(160,20,'Level 4',4,'Mampu melakukan pengisian aplikasi LC dan perubahan LC',NULL,NULL,'2019-03-18 01:53:28','2019-03-18 01:53:28'),(161,20,'Level 5',5,'Mampu menerapkan regulasi dan kebijakan pemerintah di bidang kepabeanan',NULL,NULL,'2019-03-18 01:53:51','2019-03-18 01:53:51'),(162,22,'Level 1',1,'Memahami tanda/ rambu yang berkaitan dengan perintah atau peringatan khusus di area perusahaan dalam bahasa inggris',NULL,NULL,'2019-03-18 01:55:39','2019-03-18 01:55:39'),(163,22,'Level 2',2,'Mampu membaca dan menulis kata-kata dalam literatur bahasa Inggris dengan baik dan benar',NULL,NULL,'2019-03-18 01:55:56','2019-03-18 01:55:56'),(164,22,'Level 3',3,'Memahami pembicaraan pihak lain dalam bahasa Inggris, menterjemahkan bahasa Inggris kedalam bahasa Indonesia atau sebaliknya dengan perbendaharaan kata yang memadai',NULL,NULL,'2019-03-18 01:56:16','2019-03-18 01:56:16'),(165,22,'Level 4',4,'Menulis surat, kesimpulan, dan artikel dalam bahasa Inggris dengan baik dan benar, bertindak sebagai penterjemah percakapan dua arah yang cepat, memahami literatur-literatur dalam bahasa Inggris',NULL,NULL,'2019-03-18 01:56:35','2019-03-18 01:56:35'),(166,22,'Level 5',5,'Mampu berdialog dengan lancar dan dapat dimengerti oleh pihak lain menggunakan kalimat dan grammar yang terstruktur, termasuk dalam kegiatan presentasi atau forum yang dilaksanakan di perusahaan',NULL,NULL,'2019-03-18 01:57:01','2019-03-18 01:57:01'),(167,23,'Level 1',1,'Mampu menguasai/membaca 100 kanji',NULL,NULL,'2019-03-18 01:57:44','2019-03-18 01:57:44'),(168,23,'Level 2',2,'Mampu menguasai/membaca 300 kanji',NULL,NULL,'2019-03-18 01:58:12','2019-03-18 01:58:12'),(169,23,'Level 3',3,'Mampu memahami artikel Bahasa Jepang yang ditulis dengan kanji yang mudah serta dapat mengikuti pembicaraan Orang Jepang dengan kecepatan normal',NULL,NULL,'2019-03-18 01:58:32','2019-03-18 01:58:32'),(170,23,'Level 4',4,'Mampu memahami artikel dengan topik umum serta mengerti percakapan dan berita dengan kecepatan normal',NULL,NULL,'2019-03-18 01:58:52','2019-03-18 01:58:52'),(171,23,'Level 5',5,'Mampu memahami berbagai macam percakapan dalam situasi tertentu serta dapat memahami perbedaan nuansa dalam suatu pola kalimat jika menggunakan kosakata tertentu.',NULL,NULL,'2019-03-18 01:59:11','2019-03-18 01:59:11'),(172,24,'Level 1',1,'Mampu menambah, mengurangi, mengalikan, dan membagi bilangan dengan bentuk sederhana',NULL,NULL,'2019-03-18 02:00:08','2019-03-18 02:00:08'),(173,24,'Level 2',2,'Mampu menambah, mengurangi, mengalikan, dan membagi bilangan menggunakan bentuk pecahan, desimal, dan bilangan positif/negatif',NULL,NULL,'2019-03-18 02:00:26','2019-03-18 02:00:26'),(174,24,'Level 3',3,'Memahami modul bacaan matematika dengan bentuk tabel, grafik, atau simbol matematika sederhana',NULL,NULL,'2019-03-18 02:00:46','2019-03-18 02:00:46'),(175,24,'Level 4',4,'Mampu menerapkan rumus hitungan ke dalam bahasa sendiri untuk menyelesaikan masalah di area kerja',NULL,NULL,'2019-03-18 02:01:05','2019-03-18 02:01:05'),(176,24,'Level 5',5,'Memiliki gagasan mengenai simbol, tabel, diagram, atau media lain untuk memperjelas keadaan atau masalah',NULL,NULL,'2019-03-18 02:01:24','2019-03-18 02:01:24'),(177,25,'Level 1',1,'Mampu mengoperasikan minimal satu jenis mesin manual',NULL,NULL,'2019-03-18 02:02:00','2019-03-18 02:02:00'),(178,25,'Level 2',2,'Mampu mengoperasikan jenis mesin automatis misalnya mesin CNC/PLC',NULL,NULL,'2019-03-18 02:02:31','2019-03-18 02:02:31'),(179,25,'Level 3',3,'Mampu mengoperasikan semua jenis tools atau mengoperasikan 80 % dari total jenis mesin produksi',NULL,NULL,'2019-03-18 02:02:52','2019-03-18 02:02:52'),(180,25,'Level 4',4,'Mampu mengoperasikan semua jenis tools di departemen dan mengoperasikan tools yg berbeda di departemen lain atau mengoperasikan  90 % jenis mesin produksi',NULL,NULL,'2019-03-18 02:04:03','2019-03-18 02:04:03'),(181,25,'Level 5',5,'Mampu menguasai 100% semua jenis mesin yang ada di departemen dan juga menguasai beberapa jenis mesin di departemen lain atau menguasai semua tools produksi',NULL,NULL,'2019-03-18 02:04:22','2019-03-18 02:04:22'),(182,26,'Level 1',1,'Memahami jenis dan cara kerja semua mesin di produksi misal mesin CNC, PLC, pressing, dsb',NULL,NULL,'2019-03-18 02:05:49','2019-03-18 02:05:49'),(183,26,'Level 2',2,'Mengetahui dan bisa menggunakan semua tools elektrikal dan mekanikal dengan benar',NULL,NULL,'2019-03-18 02:06:08','2019-03-18 02:06:08'),(184,26,'Level 3',3,'Mampu menganalisa masalah yang ditimbulkan dari part/mesin di area produksi misal mesin CNC, PLC, drill, pressing, dsb',NULL,NULL,'2019-03-18 02:06:26','2019-03-18 02:06:26'),(185,26,'Level 4',4,'Menguasai troubleshooting proses perencanaan/tindakan welding dan machining dengan baik dan benar',NULL,NULL,'2019-03-18 02:06:59','2019-03-18 02:06:59'),(186,26,'Level 5',5,'Mampu melakukan troubleshooting semua jenis mesin misal CNC, PLC, bending, forging, dsb dan mengusahakan agar masalah itu tidak muncul kembali',NULL,NULL,'2019-03-18 02:07:20','2019-03-18 02:07:20'),(187,28,'Level 1',1,'Mampu melakukan basic preventive maintenance seperti inspeksi, perbaikan kecil, pelumasan, penyetelan terhadap mesin, dan pergantian suku cadang sesuai maintenance schedule',NULL,NULL,'2019-03-18 02:08:12','2019-03-18 02:08:12'),(188,28,'Level 2',2,'Mengerti cara melakukan preventive maintenance pada mesin power pressing dan mesin jenis khusus misal checker, dies, dll',NULL,NULL,'2019-03-18 02:08:31','2019-03-18 02:08:31'),(189,28,'Level 3',3,'Mengerti cara melakukan preventive maintenance pada mesin automatic dan sistem-sistem utama alat berat (Engine, drivetrain, steering, brake, hidraulik, pneumatik, dan elektrikal)',NULL,NULL,'2019-03-18 02:08:55','2019-03-18 02:08:55'),(190,28,'Level 4',4,'Memberikan saran atau tindakan korektif berupa modifikasi dan perubahan rancangan peralatan untuk meningkatkan perbaikan',NULL,NULL,'2019-03-18 02:09:27','2019-03-18 02:09:27'),(191,28,'Level 5',5,'Melakukan tindakan perencanaan preventive maintenance yang menetapkan suatu pekerjaan dengan mempertimbangkan metode, peralatan, waktu pekerjaan, dan tenaga kerja',NULL,NULL,'2019-03-18 02:09:53','2019-03-18 02:09:53'),(192,30,'Level 1',1,'Menguasai dan memahami cara membaca gambar atau sketsa',NULL,NULL,'2019-03-18 02:11:17','2019-03-18 02:11:17'),(193,30,'Level 2',2,'Mampu membuat gambar menggunakan software design Autocad 2D dan 3D',NULL,NULL,'2019-03-18 02:11:35','2019-03-18 02:11:35'),(194,30,'Level 3',3,'Menguasai 1-2 software design selain Autocad misal Ideas dan NX Simmons',NULL,NULL,'2019-03-18 02:11:54','2019-03-18 02:11:54'),(195,30,'Level 4',4,'Mendesign mesin/part sederhana dengan tingkat kesalahan 5-10%',NULL,NULL,'2019-03-18 02:12:14','2019-03-18 02:12:14'),(196,30,'Level 5',5,'Mampu merancang design mesin baru / program baru dan atau memodifikasi design mesin/program  lebih efektive & efisien',NULL,NULL,'2019-03-18 02:12:34','2019-03-18 02:12:34'),(197,31,'Level 1',1,'Mampu menjelaskan metode menggambar proyeksi (aksonometri)',NULL,NULL,'2019-03-18 02:13:15','2019-03-18 02:13:15'),(198,31,'Level 2',2,'Mampu mengenal macam simbol las',NULL,NULL,'2019-03-18 02:13:35','2019-03-18 02:13:35'),(199,31,'Level 3',3,'Mampu membuat gambar proyeksi ortogonal sudut ketiga dan/atau sudut pertama benda-benda mekanik atau konstruksi pengelasan',NULL,NULL,'2019-03-18 02:13:56','2019-03-18 02:14:54'),(200,31,'Level 4',4,'Mampu membuat gambar bentangan benda-benda mekanik seperti pipa, kerucut, piramida, limas, dan benda-benda transisi',NULL,NULL,'2019-03-18 02:15:28','2019-03-18 02:15:28'),(201,31,'Level 5',5,'Mengetahui dan memahami berbagai macam simbol las',NULL,NULL,'2019-03-18 02:15:47','2019-03-18 02:15:47'),(202,32,'Level 1',1,'Mampu melakukan identifikasi proses pengelasan berdasarkan permintaan pekerjaan, prosedur pengelasan, spesifikasi dan atau gambar teknik',NULL,NULL,'2019-03-18 02:16:32','2019-03-18 02:16:32'),(203,32,'Level 2',2,'Mampu melakukan setting dan pre-heating seluruh komponen produksi',NULL,NULL,'2019-03-18 02:16:49','2019-03-18 02:16:49'),(204,32,'Level 3',3,'Menguasai dan mampu melakukan atau pernah mengikuti training proses pengelasan komponen tahap elementary dengan memperhatikan welding posture (horizontal fillet position dan flat position V-Groove)',NULL,NULL,'2019-03-18 02:17:07','2019-03-18 02:17:07'),(205,32,'Level 4',4,'Menguasai dan mampu melakukan atau pernah mengikuti training proses pengelasan komponen tahap intermediate dengan memperhatikan welding posture (vertical position, flat position V-Groove, Flat position bevel groove , dan gouging)',NULL,NULL,'2019-03-18 02:17:30','2019-03-18 02:17:30'),(206,32,'Level 5',5,'Menguasai dan mampu melakukan atau pernah mengikuti training proses pengelasan komponen tahap advanced dengan memperhatikan welding posture (overhead position, vertical position single bevel groove, horizontal V-Groove, dan Gouging)',NULL,NULL,'2019-03-18 02:36:21','2019-03-18 02:36:21'),(207,33,'Level 1',1,'Mengetahui dan memahami alur proses perakitan serta semua jenis bahan/komponen yang akan dirakit',NULL,NULL,'2019-03-18 02:37:07','2019-03-18 02:37:07'),(208,33,'Level 2',2,'Mengetahui dan memahami metode penyambungan antar komponen dan pemilihan metode penguatan pada saat perakitan komponen',NULL,NULL,'2019-03-18 02:37:28','2019-03-18 02:37:28'),(209,33,'Level 3',3,'Mampu merakit seluruh unit alat berat track type',NULL,NULL,'2019-03-18 02:37:46','2019-03-18 02:37:46'),(210,33,'Level 4',4,'Mampu merakit seluruh unit alat berat wheel type',NULL,NULL,'2019-03-18 02:38:08','2019-03-18 02:38:08'),(211,33,'Level 5',5,'Mampu melakukan pengujian performance unit setelah dilakukan perakitan (complete machine)',NULL,NULL,'2019-03-18 02:38:28','2019-03-18 02:38:28'),(212,34,'Level 1',1,'Mengetahui dan mampu menggunakan semua peralatan painting dan bahan cat yang digunakan',NULL,NULL,'2019-03-18 02:39:23','2019-03-18 02:39:23'),(213,34,'Level 2',2,'Mengetahui dan mampu melakukan teknik pengecatan air brush sesuai standar yang ditetapkan',NULL,NULL,'2019-03-18 02:39:46','2019-03-18 02:39:46'),(214,34,'Level 3',3,'Mengetahui dan mampu melaksanakan alur proses mulai dari blasting, painting, hingga finishing dengan baik dan benar',NULL,NULL,'2019-03-18 02:40:16','2019-03-18 02:40:16'),(215,34,'Level 4',4,'Mengetahui dan mampu melakukan inspeksi melalui teknik pengukuran kadar cat menggunakan alat ukur yang sesuai dengan standar',NULL,NULL,'2019-03-18 02:40:49','2019-03-18 02:40:49'),(216,34,'Level 5',5,'Mengetahui dan mampu melakukan teknik pencampuran cat sesuai dengan perhitungan yang telah ditetapkan',NULL,NULL,'2019-03-18 02:41:16','2019-03-18 02:41:16'),(217,35,'Level 1',1,'Memiliki lisensi dan mampu mengoperasikan peralatan angkat sesuai jenisnya dengan kapasitas kurang dari 25 ton atau tinggi menara sampai dengan 40 meter',NULL,NULL,'2019-03-18 02:44:24','2019-03-18 02:44:24'),(218,35,'Level 2',2,'Memiliki lisensi mampu mengoperasikan peralatan angkat sesuai jenisnya dengan kaspasitas ebih dari 25 ton sampai kurang dari 100 ton atau tinggi menara lebih dari 40 meter sampai dengan 60 meter',NULL,NULL,'2019-03-18 02:45:07','2019-03-18 02:45:07'),(219,35,'Level 3',3,'Memiliki lisensi dan mampu mengoperasikan peralatan angkat sesuai jenisnya dengan kaspasitas lebih dari 100 ton atau tinggi menara lebih dari 60 meter',NULL,NULL,'2019-03-18 02:45:49','2019-03-18 02:45:49'),(220,35,'Level 4',4,'Memahami dan mengerti persyaratan keselamatan & kesehatan kerja (K3) dalam mengoperasikan crane yang lebih efisien produktif dan aman',NULL,NULL,'2019-03-18 02:46:15','2019-03-18 02:46:15'),(221,35,'Level 5',5,'Mengetahui dan mampu melakukan pengendalian dengan memeriksa peralatan, struktur, atau bahan untuk mengidentifikasi penyebab kesalahan atau masalah atau cacat lainnya',NULL,NULL,'2019-03-18 02:46:36','2019-03-18 02:46:36'),(222,36,'Level 1',1,'Mampu mengenal dan mengetahui fungsi komponen forklift',NULL,NULL,'2019-03-18 02:49:04','2019-03-18 02:49:04'),(223,36,'Level 2',2,'Mengetahui dan mampu mengoprasikan bagian-bagian yang penting dari forklift',NULL,NULL,'2019-03-18 02:49:24','2019-03-18 02:49:24'),(224,36,'Level 3',3,'Mengetahui dan mampu menentukan jenis forklift yang benar untuk memindahkan barang atau komponen',NULL,NULL,'2019-03-18 02:49:45','2019-03-18 02:49:45'),(225,36,'Level 4',4,'Mengetahui dan mampu mengoperasikan forklift dan/atau lift truk sesuai jenisnya dengan kapasitas maksimum 15 ton',NULL,NULL,'2019-03-18 02:50:05','2019-03-18 02:50:05'),(226,36,'Level 5',5,'Mengetahui dan mampu mengoperasikan forklift dan/atau lift truk sesuai jenisnya dengan kapasitas lebih dari 15 ton',NULL,NULL,'2019-03-18 02:51:20','2019-03-18 02:51:20'),(227,37,'Level 1',1,'Mengetahui proses pencairan transaksi keuangan, dan proses pencatatan transaksi keuangan harian',NULL,NULL,'2019-03-18 02:53:01','2019-03-18 02:53:01'),(228,37,'Level 2',2,'Mengetahui secara komprehensif analisis data keuangan hasil pengelompokkan catatan transaksi keuangan bulanan',NULL,NULL,'2019-03-18 02:53:20','2019-03-18 02:53:20'),(229,37,'Level 3',3,'Melaksanakan identifikasi dan verifikasi bukti transaksi keuangan ke dalam pos perkiraan neraca laba rugi',NULL,NULL,'2019-03-18 02:53:38','2019-03-18 02:53:38'),(230,37,'Level 4',4,'Mengkompilasikan dan mengintegrasikan laporan keuangan dari setiap unit untuk laporan keuangan organisasi',NULL,NULL,'2019-03-18 02:53:57','2019-03-18 02:53:57'),(231,37,'Level 5',5,'Melakukan perbaikan laporan keuangan sesuai hasil audit atau dapat memberikan usulan pengembangan sistem akuntansi oganisasi atas kebijakan pimpinan',NULL,NULL,'2019-03-18 02:54:34','2019-03-18 02:54:34'),(232,38,'Level 1',1,'Mengetahui dan mampu menjelaskan jenis-jenis pajak serta undang-undang perpajakan (KUP, PPH, PPN, PBB) dan peraturan pemerintah yang berhubungan dengan perpajakan',NULL,NULL,'2019-03-18 02:55:32','2019-03-18 02:55:32'),(233,38,'Level 2',2,'Memahami secara komprehensif jenis-jenis pajak yang menjadi sumber pendapatan dan kontrak',NULL,NULL,'2019-03-18 02:56:19','2019-03-18 02:56:19'),(234,38,'Level 3',3,'Melakukan perhitungan pajak seperti mengisi surat setoran pajak, faktur pajak, surat pemberitahuan, dan dokumen perpajakan lain',NULL,NULL,'2019-03-18 02:56:37','2019-03-18 02:56:37'),(235,38,'Level 4',4,'Mampu mengawasi dan mengendalikan perhitungan pajak PPh dan PPn',NULL,NULL,'2019-03-18 02:56:59','2019-03-18 02:56:59'),(236,38,'Level 5',5,'Mampu mengembangkan prosedur pelaksanaan penghitungan pajak dengan alur proses sistem perpajakan untuk mendapat perhitungan pajak yang akurat',NULL,NULL,'2019-03-18 02:57:19','2019-03-18 02:57:19'),(237,39,'Level 1',1,'Menggali/mengajukan pertanyaan kepada pihak lain untuk mengetahui semua kebutuhan, minat, perhatian dan permasalahan yang dihadapi, melakukan dialog dengan pihak lain untuk meyelaraskan kepentingan yang bertentangan, melakukan kesepakatan dalam lingkup pekerjaan operasional sesuai petunjuk dari atasan',NULL,NULL,'2019-03-18 02:58:10','2019-03-18 02:58:10'),(238,39,'Level 2',2,'Menetapkan langkah kerja untuk berdiskusi dalam mencapai kesepakatan, mampu mengawali dan mengarahkan dialog untuk menyelaraskan berbagai kepentingan yang bertentangan sesuai kerangka kerja yang telah dibuat',NULL,NULL,'2019-03-18 02:58:34','2019-03-18 02:58:34'),(239,39,'Level 3',3,'Menggali dan menggunakan informasi dari berbagai sumber yang ada untuk meminimalkan hambatan dalam mencapai kesepakatan serta mampu melihat dari berbagai sudut pandang dalam melakukan negosiasi',NULL,NULL,'2019-03-18 02:58:54','2019-03-18 02:58:54'),(240,39,'Level 4',4,'Mempertimbangkan pemikiran/pandangan orang lain dalam mencapai kesepakatan yang saling menguntungkan, mampu mencapai kesepakatan yang saling menguntungkan dengan tidak merusak hubungan',NULL,NULL,'2019-03-18 02:59:13','2019-03-18 02:59:13'),(241,39,'Level 5',5,'Mencapai kesepakatan yang saling menguntungkan tanpa membuat banyak konsensi serta mampu menyelaraskan berbagai kepentingan yang bertentangan mengenai masalah yang strategis',NULL,NULL,'2019-03-18 02:59:43','2019-03-18 02:59:43'),(242,40,'Level 1',1,'Menguasai dasar-dasar algoritma (langkah-langkah perhitungan) dan pemrograman misal variabel, konstanta, tipe data, logika IF, perulangan, dan Function',NULL,NULL,'2019-03-18 04:38:53','2019-03-18 04:38:53'),(243,40,'Level 2',2,'Mampu menulis (coding) dengan menggunakan pemrograman tertentu (SQL, Java)',NULL,NULL,'2019-03-18 04:41:02','2019-03-18 04:41:02'),(244,40,'Level 3',3,'Melakukan riset, desain, dokumentasi, dan modifikasi aplikasi software',NULL,NULL,'2019-03-18 04:42:34','2019-03-18 04:42:34'),(245,40,'Level 4',4,'Mampu mengimplementasikan algoritma pemoragraman',NULL,NULL,'2019-03-18 04:43:07','2019-03-18 04:43:07'),(246,40,'Level 5',5,'Menguasai dan mampu melakukan bahasa pemrograman dan teknik pengolahan data, diantaranya dapat menggunakan alat dan teknik untuk mengembangkan aplikasi software dan hardware, teknologi komunikasi data, bahasa-bahasa pemograman, dan sistem operasi',NULL,NULL,'2019-03-18 04:43:26','2019-03-18 04:43:26'),(247,41,'1',1,'Menanggapi permintaan untuk bantuan teknis secara langung, telepon, email, dll. Meyediakan dukungan teknis dan secara konsisten berinteraksi untuk menyelesaikan masalah, menganalisa situasi, memahami dampak masalah, mengikuti perkembangan informasi sistem, perubahan, dan pembaharuan, dan memastikan kesesuaian proses dan SLA',NULL,NULL,'2019-03-18 04:46:18','2019-03-18 04:46:18'),(248,41,'Level 2',2,'Megetahui tentang sistem pengembangan Microsoft dan garis besar Office 365, mengetahui tentang berbagai jenis dan merek perangkat jaringann, firewall, switch, printer, dan perifera lain, Mampu melakukan dan memasang kabel ethernet dan kabel rj45, memiliki pengetahuan tentang powershell, memiliki sertifikasi seperti A++, MCP, MCSA, Mengetahui server dan infrastruktur dalam pemeliharaan Microsoft',NULL,NULL,'2019-03-18 04:48:24','2019-03-18 04:48:24'),(249,41,'Level 3',3,'Mampu melakukan perakitan PC, menginstall & mengkonfigurasikan sistem operasi Microsoft dan Linux, mampu menemukan dan memperbaiki masalah dengan perangkat keras, lunak, dan jaringan komputer, pengetahuan pada konfigurasi TCP/IP, jaringan, dan fitur keamanan Ms Windows, mengetahui berbagai komponen dalam membangun jaringan komputer seperti ; perangkat jaringan, kabel, dan media nirkabel, memahami teori, model, kebijakan, dan standar jaringan Comp TIA A+, mengidentifikasi kerentanan & ancaman, pengerasan jaringan, keamanan fisik, kontrol akses, firewall, dan enkripsi',NULL,NULL,'2019-03-18 04:48:44','2019-03-18 04:48:44'),(250,41,'4',4,'Mengetahui dan mampu memahami kerangka kerja ITIL, perangkat SLA dan ITSM, aplikasi perusahaan seperti AutoSys, basis data OS UNIX dan SQL, alat keamanan informasi, middleware, dll.',NULL,NULL,'2019-03-18 04:49:07','2019-03-18 04:49:07'),(251,41,'Level 5',5,'Mampu melakukan virtualisasi server dan mengelola berbagai produk server Microsoft (Exchange Server 2007 & 2010) dengan memahami sistem manajeman berbasis GUI',NULL,NULL,'2019-03-18 04:49:26','2019-03-18 04:49:26'),(252,43,'1',1,'Menguasai dan mampu melakukan prosedur test minimal semua alat tes intelegensi dan kepribadian yang digunakan di perusahaan',NULL,'2019-03-18 04:55:32','2019-03-18 04:51:33','2019-03-18 04:55:32'),(253,43,'2',2,'Menguasai dan mampu melakukan skoring semua alat tes yang digunakan di perusahaan dengan cara manual dan menggunakan software',NULL,'2019-03-18 04:55:37','2019-03-18 04:51:51','2019-03-18 04:55:37'),(254,43,'3',3,'Mampu melakukan analisa mendalam dari hasil tes yang telah dilakukan kemudian diterjemahkan kedalam bentuk uraian tulisan',NULL,'2019-03-18 04:55:43','2019-03-18 04:52:02','2019-03-18 04:55:43'),(255,43,'4',4,'Mampu melakukan diagnosa atau interpretasi terkait hasil tes yang telah dilakukan',NULL,'2019-03-18 04:55:49','2019-03-18 04:52:23','2019-03-18 04:55:49'),(256,43,'5',5,'Mampu membuat dan merancang alat tes psikologi berbentuk manual atau software yang sesuai dengan kebutuhan perusahaan',NULL,'2019-03-18 04:55:55','2019-03-18 04:52:52','2019-03-18 04:55:55'),(257,42,'1',1,'Menguasai dan mampu melakukan prosedur test minimal semua alat tes intelegensi dan kepribadian yang digunakan di perusahaan',NULL,NULL,'2019-03-18 04:53:50','2019-03-18 04:53:50'),(258,42,'2',2,'Menguasai dan mampu melakukan skoring semua alat tes yang digunakan di perusahaan dengan cara manual dan menggunakan software',NULL,NULL,'2019-03-18 04:54:03','2019-03-18 04:54:03'),(259,42,'3',3,'Mampu melakukan analisa mendalam dari hasil tes yang telah dilakukan kemudian diterjemahkan kedalam bentuk uraian tulisan',NULL,NULL,'2019-03-18 04:54:18','2019-03-18 04:54:18'),(260,42,'4',4,'Mampu melakukan diagnosa atau interpretasi terkait hasil tes yang telah dilakukan',NULL,NULL,'2019-03-18 04:54:34','2019-03-18 04:54:34'),(261,42,'5',5,'Mampu membuat dan merancang alat tes psikologi berbentuk manual atau software yang sesuai dengan kebutuhan perusahaan',NULL,NULL,'2019-03-18 04:54:46','2019-03-18 04:54:46'),(262,43,'1',1,'Mampu menyusun daftar pertanyaan terkait dengan identitas interviewee menggunakan teknik STAR (Situation, Task, Action, Result)',NULL,NULL,'2019-03-18 04:56:15','2019-03-18 04:56:15'),(263,43,'2',2,'Mengetahui dan mampu melakukan teknik dasar wawancara dengan menggunakan metode BEI (mengidentifikasi perperilaku masa lalu seseorang untuk memprediksi bagaimana dia cenderung berperilaku dalam situasi yang sama)',NULL,NULL,'2019-03-18 04:56:37','2019-03-18 04:56:37'),(264,43,'3',3,'Mampu melakukan teknik komunikasi yang baik, bertanya, mendengar, mencatat, dan observasi dalam satu rangkaian wawancara sekaligus',NULL,NULL,'2019-03-18 04:56:49','2019-03-18 04:56:49'),(265,43,'4',4,'Mampu menilai pola perilaku dari interviewee menggunakan basic kompetensi yang dibutuhkan',NULL,NULL,'2019-03-18 04:57:01','2019-03-18 04:57:01'),(266,43,'5',5,'Mampu melakukan skoring atau penilaian wawancara menggunakan BEI',NULL,NULL,'2019-03-18 04:57:14','2019-03-18 04:57:14'),(267,44,'1',1,'Memiliki pengetahuan dasar tentang safety dan PPE (Alat Pelindung Diri)',NULL,NULL,'2019-03-18 05:13:37','2019-03-18 05:13:37'),(268,44,'2',2,'Mengetahui konsep dan sertifikasi tentang K3 umum',NULL,NULL,'2019-03-18 05:13:49','2019-03-18 05:13:49'),(269,44,'3',3,'Memahami dan mampu menjelaskan konsep Hazard Identification (ISO 45001)',NULL,NULL,'2019-03-18 05:14:00','2019-03-18 05:14:00'),(270,44,'4',4,'Mampu memberikan pemahaman tentang keuntungan penerapan ISO 14001 dan OHSAS 18001',NULL,NULL,'2019-03-18 05:14:10','2019-03-18 05:14:10'),(271,44,'5',5,'Mampu memaparkan dan memberikan pemahaman tentang klausul yang ada pada ISO 14001 dan OHSAS 18001',NULL,NULL,'2019-03-18 05:14:24','2019-03-18 05:14:24'),(272,45,'1',1,'Memudahkan alat bantu presentasi untuk memudahkan pemahaman topik',NULL,NULL,'2019-03-18 05:15:00','2019-03-18 05:15:00'),(273,45,'2',2,'Menggunakan intonasi dan artikulasi suara yang baik',NULL,NULL,'2019-03-18 05:15:42','2019-03-18 05:15:42'),(274,45,'3',3,'Menyampaikan pandangan atau gagasannya secara sistematis dan terorganisir',NULL,NULL,'2019-03-18 05:16:00','2019-03-18 05:16:00'),(275,45,'4',4,'Menghidupkan suasana dengan melibatkan audiens',NULL,NULL,'2019-03-18 05:16:13','2019-03-18 05:16:13'),(276,45,'5',5,'Menjawab pertanyaan sulit dengan baik (memuaskan penanya)',NULL,NULL,'2019-03-18 05:16:31','2019-03-18 05:16:31'),(277,46,'1',1,'Mengetahui dan memahami dasar-dasar K3 penanggulangan kebakaran',NULL,NULL,'2019-03-18 05:18:41','2019-03-18 05:18:41'),(278,46,'2',2,'Memahami dan mampu melakukan praktek pemadaman kebakaran di Fire Ground dengan menggunakan alat pemadam api ringan, fire blanket, dan hydrant',NULL,NULL,'2019-03-18 05:18:53','2019-03-18 05:18:53'),(279,46,'3',3,'Mengetahui sarana evakuasi seperti ; jalan lintas, koridor, tangga, helipat, dan titik kumpul',NULL,NULL,'2019-03-18 05:19:08','2019-03-18 05:19:08'),(280,46,'4',4,'Dapat memberikan pertolongan pertama pada kecelakaan',NULL,NULL,'2019-03-18 05:19:21','2019-03-18 05:19:21'),(281,46,'5',5,'Mampu melakukan penaksiran resiko kebakaran',NULL,NULL,'2019-03-18 05:19:34','2019-03-18 05:19:34'),(282,47,'1',1,'Mengetahui dan dapat manjelaskan secara umum kaidah hukum dan peraturan perundang-undangan yang berlaku',NULL,NULL,'2019-03-18 05:20:53','2019-03-18 05:20:53'),(283,47,'2',2,'Memahami dasar-dasar hukum rencana penyelesaian masalah/kasus berdasarkan hukum dan peraturan perundang-undangan yang berlaku',NULL,NULL,'2019-03-18 05:21:04','2019-03-18 05:21:04'),(284,47,'3',3,'Mampu membuat rancangan perencanaan penyelesaian terhadap permasalahan hukum yang dihadapi organisasi',NULL,NULL,'2019-03-18 05:21:18','2019-03-18 05:21:18'),(285,47,'4',4,'Mampu membuat strategi perlindungan hukum bagi organisasi sesuai dengan perndang-undangan yang berlaku',NULL,NULL,'2019-03-18 05:21:27','2019-03-18 05:21:27'),(286,47,'5',5,'Mengembangkan kebijakan hukum dan aturan pemerintah dalam mendukung kebijakan organisasi dengan membuat petunjuk pelakasanaan penanganan masalah hukum yang bersifat umum',NULL,NULL,'2019-03-18 05:21:39','2019-03-18 05:21:39'),(287,48,'1',1,'Mengetahui konsep dan prinsip dasar dalam metode komunikasi di bidang industrial relation',NULL,NULL,'2019-03-18 05:22:14','2019-03-18 05:22:14'),(288,48,'2',2,'Memahami teknik memberikan informasi yang jelas dalam lingkup organisasi, serta mengkomunikasikan dan menjelaskan kebijakan baru di bidang kepegawaian kepada seluruh karyawan',NULL,NULL,'2019-03-18 05:22:25','2019-03-18 05:22:25'),(289,48,'3',3,'Mampu mengkomunikasikan kebijakan organisasi kepada pihak luar disekitar perusahaan melalui pernyataan yang baik',NULL,NULL,'2019-03-18 05:22:36','2019-03-18 05:22:36'),(290,48,'4',4,'Dapat menciptakan opini publik yang positif terhadap citra organisasi dengan mengukur pendapat masyarakat tentang organisasi, dan merancang rencana tindakan yang sesuai',NULL,NULL,'2019-03-18 05:22:49','2019-03-18 05:22:49'),(291,48,'5',5,'Mengembangkan teknik-teknik komunikasi dengan menggunakan multimedia dalam mengkomunikasikan hal-hal untuk menciptakan dan mempengaruhi opini publik secara meyakinkan',NULL,NULL,'2019-03-18 05:22:59','2019-03-18 05:22:59'),(292,49,'1',1,'Mampu menyebutkan prinsip-prinsip pelaksanaan analisis jabatan',NULL,NULL,'2019-03-18 05:24:19','2019-03-18 05:24:19'),(293,49,'2',2,'Menguraikan prinsip-prinsip pelaksanaan analisis jabatan untuk memperlancar tugas dan fungsi kerja',NULL,NULL,'2019-03-18 05:24:32','2019-03-18 05:24:32'),(294,49,'3',3,'Membuat perencanaan pelaksanaan analisis jabatan berdasarkan prinsip-prinsip yang berlaku',NULL,NULL,'2019-03-18 05:24:43','2019-03-18 05:24:43'),(295,49,'4',4,'Menginisiasi terselenggaranya pelaksanaan analisa jabatan yang baik dengan menerapkan prinsip-prinsip pengelolaan organisasi yang baik',NULL,NULL,'2019-03-18 05:24:54','2019-03-18 05:24:54'),(296,49,'5',5,'Mengevaluasi efektivitas pengendalian pelaksanaan analisa jabatan yang baik',NULL,NULL,'2019-03-18 05:25:07','2019-03-18 05:25:07'),(297,50,'1',1,'Mengetahui dan mempu menjelaskan secara umum pola karir yang meliputi sistem perencanaan karir, kebijakan karir, siklus karir, dan jalur karir',NULL,NULL,'2019-03-18 05:26:18','2019-03-18 05:26:18'),(298,50,'2',2,'Memahami dan dapat melaksanakan proses persiapan promosi pegawai berdasarkan ketentuan waktu pada siklus karir yang berlaku di organisasi',NULL,NULL,'2019-03-18 05:26:28','2019-03-18 05:26:28'),(299,50,'3',3,'Mampu menentukan dan memberikan usulan pengembangan karir pegawai kepada pimpinan berdasarkan kriteria-kriteria yang telah terpenuhi',NULL,NULL,'2019-03-18 05:26:39','2019-03-18 05:26:39'),(300,50,'4',4,'Mampu melakukan evaluasi tentang efektivitas dan efisiensi proses pengembangan karir dari setiap jabatan untuk mendapatkan kinerja organisasi yang lebih baik',NULL,NULL,'2019-03-18 05:26:49','2019-03-18 05:26:49'),(301,50,'5',5,'Mampu mengembangkan jalur/pola karir berdasarkan kompetensi untuk tiap jenjang jabatan yang sesuai dengan tuntutan dan kondisi organisasi, serta dapat melakukan analisis terhadap metode pengembangan karir yang efektif',NULL,NULL,'2019-03-18 05:26:59','2019-03-18 05:26:59'),(302,51,'1',1,'Mengetahui proses pembuatan surat perintah perjalanan dinas',NULL,NULL,'2019-03-18 05:27:32','2019-03-18 05:27:32'),(303,51,'2',2,'Dapat menjelaskan kegiatan-kegiatan administrasi di lingkungan kerjanya serta tata cara administrasi diluar organisasi',NULL,NULL,'2019-03-18 05:27:42','2019-03-18 05:27:42'),(304,51,'3',3,'Pembuatan arsip dokumen surat keluar sesuai prosedur',NULL,NULL,'2019-03-18 05:28:01','2019-03-18 05:28:01'),(305,51,'4',4,'Dapat melaksanakan kegiatan administrasi dengan yang dapat menghemat bahan-bahan yang ada secara tepat dan efisien',NULL,NULL,'2019-03-18 05:28:15','2019-03-18 05:28:15'),(306,51,'5',5,'Mengevaluasi pengelolaan arsip dan menetapkan batas retensi arsip ataupun dokumen organisasi lainnya',NULL,NULL,'2019-03-18 05:28:27','2019-03-18 05:28:27'),(307,52,'1',1,'Memahami dan mampu menjelaskan minimal lima macam simbol alat ukur seperti kumparan putar, thermokepel, besi putar, dan elektrostatik',NULL,NULL,'2019-03-18 05:29:35','2019-03-18 05:29:35'),(308,52,'2',2,'Mampu memahami karakteristik dan menggunakan alat ukur seperti kumparan putar, thermokepel, besi putar, dan elektrostatik (penggunaan daya, kemampuan mengukur arus dan tegangan)',NULL,NULL,'2019-03-18 05:29:57','2019-03-18 05:29:57'),(309,52,'3',3,'Memahami dan mampu menjelaskan macam pengukuran listrik meliputi pengukuran arus, pengukuran tegangan, pengukuran daya, pengukuran impedansi, pengukuran luminasi',NULL,NULL,'2019-03-18 05:30:08','2019-03-18 05:30:49'),(310,52,'4',4,'Memahami dan mampu memilih serta menggunakan alat ukur dengan tepat dan akurat seperti ; penggunaan AVO meter analog, AVO meter digital, Watt Meter, Osiloskop, Amper meter, Volt meter  dll',NULL,NULL,'2019-03-18 05:30:21','2019-03-18 05:30:21'),(311,52,'5',5,'Memahami dan mampu melakukan berbagai teknik pengukuran meliputi teknik pengukuran arus, teknik pengukuran tegangan, teknik pengukuran impedansi, teknik pengukuran luminasi',NULL,NULL,'2019-03-18 05:30:35','2019-03-18 05:30:35'),(312,53,'1',1,'Memahami dan mampu menerapkan tentang keselamatan kerja, inspeksi walkaround, prosedur start up/shutdown, serta mampu menempatkan, mengidentifikasi, menjelaskan fungsi-fungsi mesin, powertrain, kemudi, pengereman, hidrolika, dll',NULL,NULL,'2019-03-18 05:31:52','2019-03-18 05:31:52'),(313,53,'2',2,'Memahami dan mampu mlakukan dasar-dasar pemindahan tanah dengan baik',NULL,NULL,'2019-03-18 05:32:05','2019-03-18 05:32:05'),(314,53,'3',3,'Memahami dan mampu melakukan dasar-dasar perawatan dan perbaikan mesin',NULL,NULL,'2019-03-18 05:32:19','2019-03-18 05:32:19'),(315,53,'4',4,'Memahami dan mampu menerapkan dasar-dasar dan kebijakan K3 serta mengetahui sebab-sebab pada alat berat',NULL,NULL,'2019-03-18 05:32:34','2019-03-18 05:32:34'),(316,53,'5',5,'Mengetahui dan mampu menjelaskan aturan dan perundangan terkait alat berat',NULL,NULL,'2019-03-18 05:32:55','2019-03-18 05:32:55'),(317,54,'1',1,'Memahami persyaratan dan standar dari masing-masing konsep kalibrasi/verifikasi dan manajemen kalibrasi, sesuai dengan standar acuan yang sudah dibakukan',NULL,NULL,'2019-03-18 05:34:17','2019-03-18 05:34:17'),(318,54,'2',2,'Memahami dasar ketidakpastian dan perhitungannya, sehingga mampu melaksanakan kalibrasi alat ukur serta analisa perhitungan ketidakpastian dari data kalibrasi',NULL,NULL,'2019-03-18 05:34:30','2019-03-18 05:34:30'),(319,54,'3',3,'Mampu melakukan kalibrasi internal secara tepat',NULL,NULL,'2019-03-18 05:34:42','2019-03-18 05:34:42'),(320,54,'4',4,'Mengetahui metode untuk menentukan keakurasian alat berdasarkan data hasil kalibrasi/verifikasi',NULL,NULL,'2019-03-18 05:34:55','2019-03-18 05:34:55'),(321,54,'5',5,'Mengatahui dan mampu membaca atau membuat laporan hasil kalibrasi',NULL,NULL,'2019-03-18 05:35:08','2019-03-18 05:35:08'),(322,56,'1',1,'Mengetahui semua ketentuan yang berhubungan dengan administrasi personalia yang berlaku melalui keputusan pimpinan, petunjuk pelaksanaan, petunjuk teknis',NULL,NULL,'2019-03-18 05:35:50','2019-03-18 05:36:06'),(323,56,'2',2,'Mengetahui tentang administrasi personalia secara menyeluruh/komprehensif seperti ; mengetahui prosedur jaminan kesehatan, perpajakan, pensiun, sistem penggajian, kenaikan berkala, dan kenaikan reguler',NULL,NULL,'2019-03-18 05:36:17','2019-03-18 05:36:17'),(324,56,'3',3,'Mampu melaksanakan pengelolaan bagian-bagian dari administrasi personalia seperti ; pengelolaan pensiun, keshatan, dan sistem informasi kepegawaian',NULL,NULL,'2019-03-18 05:36:27','2019-03-18 05:36:27'),(325,56,'4',4,'Mampu melakukan pembinaan pengelolaan bagian-bagian dari administrasi personalia seperti; pembinaa pegawai yang menangani pengelolaan kesehatan',NULL,NULL,'2019-03-18 05:36:39','2019-03-18 05:36:39'),(326,56,'5',5,'Mampu mengevaluasi efektivitas dan efisiensi pengelolaan administrasi dengan membuat laporan evaluasi sistem administrasi personalia',NULL,NULL,'2019-03-18 05:36:51','2019-03-18 05:36:51'),(327,57,'1',1,'Mengetahui konsep pelatihan dan pengembangan pegawai yang berlaku',NULL,NULL,'2019-03-18 05:37:51','2019-03-18 05:37:51'),(328,57,'2',2,'Memahami pelaksanaan manajemen pelatihan dan pengembangan yang berjalan di organisasi',NULL,NULL,'2019-03-18 05:38:06','2019-03-18 05:38:06'),(329,57,'3',3,'Melakukan penjabaran strategi kedalam program-program pelatihan dan pengembangan pegawai yang disediakan',NULL,NULL,'2019-03-18 05:38:16','2019-03-18 05:38:16'),(330,57,'4',4,'Mampu mengidentifikasi kesenjangan kompetensi individu dan merencanakan pelatihan-pelatihan yang diperlukan untuk menutup kesenjangan tersebut',NULL,NULL,'2019-03-18 05:38:28','2019-03-18 05:38:28'),(331,57,'5',5,'Mampu mengembangkan model-model pelatihan yang dapat menjabarkan strategi organisasi',NULL,NULL,'2019-03-18 05:38:43','2019-03-18 05:38:43'),(332,58,'Level 1',1,'Mengetahui aturan dan tata cara penentuan gaji, mengetahui hubungan gaji dengan performance appraisal',NULL,NULL,'2019-03-18 18:48:09','2019-03-18 18:48:09'),(333,58,'Level 2',2,'Melaksanakan pengelolaan manajemen remunerasi sesuai dengan ketetapan yang berlaku serta mampu memeriksa hasil perhitungan remunerasi',NULL,NULL,'2019-03-18 18:48:26','2019-03-18 18:48:26'),(334,58,'Level 3',3,'Mampu mengakomodir besaran pendapatan secara detil berdasarkan berbagai hal yang diperhitungkan di dalamnya dan sesuai dengan ketetapan',NULL,NULL,'2019-03-18 18:48:45','2019-03-18 18:48:45'),(335,58,'Level 4',4,'Mencaria solusi yang bijaksana untuk pihak-pihak terkait dalam mengatasi masalah kesenjangan',NULL,NULL,'2019-03-18 18:49:02','2019-03-18 18:49:02'),(336,58,'Level 5',5,'Mengantisipasi berbagai kemungkinan pengelolaan remunerasi di masa yang akan datang',NULL,NULL,'2019-03-18 18:49:20','2019-03-18 18:49:20'),(337,59,'Level 1',1,'Mengetahui konsep pelaksanaan keuangan perusahaan, prosedur, dan kelayakan yang berlaku',NULL,NULL,'2019-03-18 18:50:00','2019-03-18 18:50:00'),(338,59,'Level 2',2,'Memahami pengelolaan dan prosedur-prosedur pengeloaan untuk transaksi keuangan yang berlaku',NULL,NULL,'2019-03-18 18:50:33','2019-03-18 18:50:33'),(339,59,'Level 3',3,'Mampu mengenali ketidakefisienan prosedur pengelolaan keuangan dan merekomendasikan perbaikannya, melakukan rekonsiliasi atas kesalahan-kesalahan transaksi keuangan',NULL,NULL,'2019-03-18 18:50:51','2019-03-18 18:50:51'),(340,59,'Level 4',4,'Mampu menganalisis laporan keuangan, mampu mengevaluasi laporan keuangan unit terhadap target kinerja keuangan yang ditetapkan organisasi, mengidentifikasi kelemahan dan memberikan rekomendasi untuk peningkatan kinerja keuangan',NULL,NULL,'2019-03-18 18:51:08','2019-03-18 18:51:08'),(341,59,'Level 5',5,'Mengembangkan strategi pengelolaan keuangan sejalan dengan perkembangan organiasasi yang dinamis',NULL,NULL,'2019-03-18 18:51:28','2019-03-18 18:51:28'),(342,60,'Level 1',1,'Dapat menjelaskan komponen dalam penyusunan anggaran, cara-cara realisasi, dan prosedur yang berkaitan, memahami seluruh proses di awal sampai final',NULL,NULL,'2019-03-18 18:52:30','2019-03-18 18:52:30'),(343,60,'Level 2',2,'Menjelaskan maksud dan tujuan penyusunan anggaran kegiatan sederhana',NULL,NULL,'2019-03-18 18:52:48','2019-03-18 18:52:48'),(344,60,'Level 3',3,'Menyusun anggaran kegiatan',NULL,NULL,'2019-03-18 18:53:04','2019-03-18 18:53:04'),(345,60,'Level 4',4,'Menganalisis ebab-sebab tidak tercapainya realisasi anggaan dan mengevaluasi usulan target kinerja selanjutnya serta merevisi anggaran',NULL,NULL,'2019-03-18 18:53:23','2019-03-18 18:53:23'),(346,60,'Level 5',5,'Mengembangkan prosedur untuk dapat mendeteksi leboh awal penyimpangan anggaran yang akan direalisasikan',NULL,NULL,'2019-03-18 18:53:43','2019-03-18 18:53:43'),(347,61,'Level 1',1,'Mengetahui cara membuat jurnal, pembukaan data transaksi keuangan',NULL,NULL,'2019-03-18 18:54:50','2019-03-18 18:54:50'),(348,61,'Level 2',2,'Melakukan jurnal entry dengan menggunakan program aplikasi komputer akuntansi',NULL,NULL,'2019-03-18 18:55:08','2019-03-18 18:55:08'),(349,61,'Level 3',3,'Membuat neraca laporan keuangan',NULL,NULL,'2019-03-18 18:55:28','2019-03-18 18:55:28'),(350,61,'Level 4',4,'Membuat analisa terhadap laporan keuangan',NULL,NULL,'2019-03-18 18:55:50','2019-03-18 18:55:50'),(351,61,'Level 5',5,'Memberikan rekomendasi untuk perbaikan kinerja keuangan dari hasil analisis laporan keuangan',NULL,NULL,'2019-03-18 18:56:09','2019-03-18 18:56:09'),(352,62,'Level 1',1,'Mampu menjelaskan operasional uang kas dan pengelolaan perbendaharaan unit kerja',NULL,NULL,'2019-03-18 18:56:55','2019-03-18 18:56:55'),(353,62,'Level 2',2,'Mengelola uang kas dan pengelolaan perbendaharaan unit kerja berdasarkan prosedur yang telah ditetapkan',NULL,NULL,'2019-03-18 18:57:28','2019-03-18 18:57:28'),(354,62,'Level 3',3,'Mampu mengendalikan transaksi uang kas guna mendukung aktivitas rutin yang diperkenankan',NULL,NULL,'2019-03-18 18:57:47','2019-03-18 18:57:47'),(355,62,'Level 4',4,'Melakukan rekonsiliasi atas kesalahan transaksi uang kas',NULL,NULL,'2019-03-18 18:58:04','2019-03-18 18:58:04'),(356,62,'Level 5',5,'Menentukan strategi pengelolaan uang kas sesuai ketentuan',NULL,NULL,'2019-03-18 18:58:24','2019-03-18 18:58:24'),(357,63,'Level 1',1,'Mengetahui proses input data dalam database',NULL,NULL,'2019-03-18 18:59:20','2019-03-18 18:59:20'),(358,63,'Level 2',2,'Dapat melakukan proses input, edit dan penghapusan data dari database',NULL,NULL,'2019-03-18 18:59:39','2019-03-18 18:59:39'),(359,63,'Level 3',3,'Membuat data recovery pada media CD',NULL,NULL,'2019-03-18 19:00:02','2019-03-18 19:00:02'),(360,63,'Level 4',4,'Dapat membuat back up sistem database',NULL,NULL,'2019-03-18 19:00:19','2019-03-18 19:00:19'),(361,63,'Level 5',5,'Merekomendasikan perbaikan yang diharapkan dapat menjaga kelancaran operasi dan pemeliharaan database',NULL,NULL,'2019-03-18 19:00:39','2019-03-18 19:00:39'),(362,64,'Level 1',1,'Mampu mengidentifikasi lingkungan dan area kerja sebelum pembersihan meliputi ; kecepatan angin, temperatur udara, tingkat karat, kelembaban udara atau relative humadity, temperatur titik embun, dan temperatur permukaan substrate yang dapat diukur',NULL,NULL,'2019-03-18 19:01:27','2019-03-18 19:01:27'),(363,64,'Level 2',2,'Mengetahui dan mampu menggunakan peralatan meliputi ; Blasting machine, Blast Hose, Nozzle, Sandpot, Abrasive, Dust Collector, Tank Air Receiver, dan kompresor, water jetting (untuk pembersihan wet abrasive blasting)',NULL,NULL,'2019-03-18 19:01:52','2019-03-18 19:01:52'),(364,64,'Level 3',3,'Pembersihan permukaan dengan water jetting  Pembersihan permukaan dengan electrochemical stripping  Pembersihan permukaan dengan pickling  Pembersihan permukaan concrete',NULL,NULL,'2019-03-18 19:03:07','2019-03-18 19:03:07'),(365,64,'Level 4',4,'Menyiapkan sekaligus mampu memposisikan oil dan moisture separator, penjepit slang, slang engineer, blasting pot, keran buka tutup abrasive, slang abrasive, blasting nozzle, dan pengaman',NULL,NULL,'2019-03-18 19:03:27','2019-03-18 19:03:27'),(366,64,'Level 5',5,'Mampu melakukan lebih dari dua metode pembersihan seperti mengunakan dry abrasive blasting, wet abrasive blasting, solvent, chemical stripping, hand tools, power tools',NULL,NULL,'2019-03-18 19:05:23','2019-03-18 19:05:23'),(367,66,'Level 1',1,'Mengetahui dan mampu menjalankan jenis-jenis pekerjaan pemeliharaan (rutin, periodik, perbaikan, dan penggantian)',NULL,NULL,'2019-03-18 19:06:20','2019-03-18 19:06:20'),(368,66,'Level 2',2,'Memahami dan mampu melakukan pemeliharaan hydrant, AC, plumbing, dinding, plafon',NULL,NULL,'2019-03-18 19:06:36','2019-03-18 19:06:36'),(369,66,'Level 3',3,'Memahami tahapan dalam pemeliharaan system plumbing (sistem pengadaan air bersih dan pembuangan air kotor)',NULL,NULL,'2019-03-18 19:06:53','2019-03-18 19:06:53'),(370,66,'Level 4',4,'Memahami bahaya korosi dan mengetahui cara menanggulanginya',NULL,NULL,'2019-03-18 19:07:08','2019-03-18 19:07:08'),(371,66,'Level 5',5,'Mampu memberikan masukan mengenai sistem saving Energy di perusahaan',NULL,NULL,'2019-03-18 19:07:24','2019-03-18 19:07:24'),(372,67,'Level 1',1,'Memahami dan mampu melakukan perumusan strategi perencanaan kebijakan pengadaan',NULL,NULL,'2019-03-18 19:08:00','2019-03-18 19:08:00'),(373,67,'Level 2',2,'Memahami dan mampu menerapkan teknik dan metode pemilihan supplier',NULL,NULL,'2019-03-18 19:08:16','2019-03-18 19:08:16'),(374,67,'Level 3',3,'Memahami dan mampu melakukan proses pengadaan barang dan jasa dari pasar nasional dan internasional',NULL,NULL,'2019-03-18 19:08:33','2019-03-18 19:08:33'),(375,67,'Level 4',4,'Mampu melakukan analisa harga dari berbagai supplier',NULL,NULL,'2019-03-18 19:08:51','2019-03-18 19:08:51'),(376,67,'Level 5',5,'Memahami dan mampu mengoperasikan software e-procurement untuk prakiraan harga barang',NULL,NULL,'2019-03-18 19:09:14','2019-03-18 19:09:14'),(377,68,'Level 1',1,'Mampu menyampaikan pesan tertulis dengan kalimat sederhana misal ; membuat memo dengan kalimat lugas dan sederhana',NULL,NULL,'2019-03-18 19:09:55','2019-03-18 19:09:55'),(378,68,'Level 2',2,'Mampu membuat surat resmi/laporan dengan bahasa sederhana dan mudah dimengerti',NULL,NULL,'2019-03-18 19:10:14','2019-03-18 19:10:14'),(379,68,'Level 3',3,'Mampu membuat laporan tahunan /periodik dengan bahasa dan kalimat yang mudah dimengerti',NULL,NULL,'2019-03-18 19:10:38','2019-03-18 19:10:38'),(380,68,'Level 4',4,'Mampu menuangkan pemikiran/konsep yang multi dimensi dalam bentuk tulisan formal',NULL,NULL,'2019-03-18 19:10:54','2019-03-18 19:10:54'),(381,68,'Level 5',5,'Mampu membuat topik yang rumit dan sensitif menjadi kalimat dan bahasa yang lebih sederhana',NULL,NULL,'2019-03-18 19:11:12','2019-03-18 19:11:12'),(382,69,'Level 1',1,'Menterjemahkan informasi, instruksi, atau arahan tugas ke dalam gagasan yang dapat mendukung pencapaian hasil',NULL,NULL,'2019-03-18 19:11:57','2019-03-18 19:11:57'),(383,69,'Level 2',2,'Mempertanyakan hal-hal dikerjakan di masa lalu dan mengidentifikasi cara-cara baru untuk menangani persoalan',NULL,NULL,'2019-03-18 19:12:14','2019-03-18 19:12:14'),(384,69,'Level 3',3,'Mengembangkan gagasan/karya yang sudah ada ke dalam bentuk gagasan/karya baru yang lebih memaksimalkan pencapaian hasil',NULL,NULL,'2019-03-18 19:12:31','2019-03-18 19:12:31'),(385,69,'Level 4',4,'Menciptakan dan mengimplementasikan gagasan baru atau karya kreatif yang menghasilkan peningkatan kinerja organisasi',NULL,NULL,'2019-03-18 19:12:48','2019-03-18 19:12:48'),(386,69,'Level 5',5,'Melakukan terobosan sehingga menghasilkan kinerja organisasi yang unggul',NULL,NULL,'2019-03-18 19:13:07','2019-03-18 19:13:07'),(387,80,'Level 1',1,'Mengetahui aliran proses input data untuk penyusunan suatu laporan',NULL,NULL,'2019-03-18 19:14:00','2019-03-18 19:14:00'),(388,80,'Level 2',2,'Mengetahui prinsip dasar metode pemeliharaan jaringan komputer',NULL,NULL,'2019-03-18 19:14:17','2019-03-18 19:14:17'),(389,80,'Level 3',3,'Menyusun prosedur baku pembuatan laporan MIS untuk suatu unit organisasi dengan input data dari seluruh sub-unit organisasi di bawahnya',NULL,NULL,'2019-03-18 19:14:36','2019-03-18 19:14:36'),(390,80,'Level 4',4,'Mengendalikan integrasi sistem aliran data yang dibutuhkan dalam pembuatan laporan kinerja unit organisasi',NULL,NULL,'2019-03-18 19:14:52','2019-03-18 19:14:52'),(391,80,'Level 5',5,'Merekomendasikan kebijakan penggunaan sistem informasi dan teknologi berbasis web',NULL,NULL,'2019-03-18 19:15:08','2019-03-18 19:15:08'),(392,81,'Level 1',1,'Memahami dan mampu menjelaskan pemahaman, prinsip, dan tahapan dalam Assesment Center',NULL,NULL,'2019-03-18 19:15:51','2019-03-18 19:15:51'),(393,81,'Level 2',2,'Mampu melakukan Job Profiling dan Job Analysis dengan menentukan profil kompetensi dari job target yang akan dinilai/diukur',NULL,NULL,'2019-03-18 19:16:07','2019-03-18 19:16:07'),(394,81,'Level 3',3,'Mampu merancang alat pengukuran dengan membuat kamus dan matriks kompetensi sesuai dengan standar kompetensi yang ditentukan',NULL,NULL,'2019-03-18 19:16:24','2019-03-18 19:16:24'),(395,81,'Level 4',4,'Mampu melakukan pengukuran kompetensi menggunakan alat bantu melalui observasi, simulasi/role play, BEI, Group Discussion, dll',NULL,NULL,'2019-03-18 19:16:42','2019-03-18 19:16:42'),(396,81,'Level 5',5,'Mampu mengolah dan mendokumentasikan hasil assessmen, meliputi penentuan rating dan levelling serta penulisan laporan individu',NULL,NULL,'2019-03-18 19:17:00','2019-03-18 19:17:00'),(397,82,'Level 1',1,'Memiliki pemahaman operasional bisnis dan aspek finansial dari organisasi, mulai dari tujuan bisnis, jenis layanan bisnis, serta berbagai bentuk paramater menyangkut perencanaan bisnis yang diperlukan',NULL,NULL,'2019-03-18 19:24:23','2019-03-18 19:24:23'),(398,82,'Level 2',2,'Brtindak untuk terus memperbaharui informasi bisnis dan prioritas organisasi untuk menyelaraskan harapan organisasi, mencakup didalamnya adalah informasi mengenai kompetitor, perubahan pasar, teknologi baru, dan praktek-praktek unggulan',NULL,NULL,'2019-03-18 19:24:40','2019-03-18 19:24:40'),(399,82,'Level 3',3,'Mengungkapkan masalah kompleks yang mempengaruhi penetrasi pasar atau penghasilan bagi organisasi; memahami faktor-faktor yang menentukan kelayakan dari peluang-peluang baru secara komersial',NULL,NULL,'2019-03-18 19:25:04','2019-03-18 19:25:04'),(400,82,'Level 4',4,'Mengambil berbagai tindakan yang bertujuan untuk memperbesar peluang bisnis, sehingga mampu menterjemahkan ancaman ancama menjai peluang bisnis, memahami bagaimaa menilai resiko yang terkait dengan perjanjian, sekaligus mengamankan resiko tersebut',NULL,NULL,'2019-03-18 19:25:26','2019-03-18 19:25:26'),(401,82,'Level 5',5,'Mengidentifikasi atau menciptakan strategi yang menguntungkan didalam maupun diluar norma organisasi saat ini; memanfaatkan kekuatan pasar saat ini; mengenali cara-cara untuk membuat pmangku kepentingan (stakeholders) mencoba produk baru, memperhitungkan resiko (ekspansi global, penurunan biayayang terstruktur)',NULL,NULL,'2019-03-18 19:25:43','2019-03-18 19:25:43'),(402,83,'Level 1',1,'Memahami dan mampu menjelaskan satuan alat ukur yang digunakan',NULL,NULL,'2019-03-18 19:26:21','2019-03-18 19:26:21'),(403,83,'Level 2',2,'Mampu menggunakan dan membaca alat ukur mekanik presisi misal vernier caliper ketinggian penggaris baja, penggaris gulung, busur derajat, mistar, jangka sorong, micrometer skrup, dial indicator, dsb',NULL,NULL,'2019-03-18 19:26:43','2019-03-18 19:26:43'),(404,83,'Level 3',3,'Mampu memilih sendiri  jenis alat ukur presisi yang sesuai dengan benda kerja yang diukur',NULL,NULL,'2019-03-18 19:27:03','2019-03-18 19:27:03'),(405,83,'Level 4',4,'Mampu menginterpretasi hasil pengkuran mekanis',NULL,NULL,'2019-03-18 19:27:18','2019-03-18 19:27:18'),(406,83,'Level 5',5,'Mampu melakukan pengukuran terhadap benda kerja dengan akurasi pengukuran terkecil',NULL,NULL,'2019-03-18 19:27:33','2019-03-18 19:27:33'),(407,84,'Level 1',1,'Memahami dan mampu menjelaskan fungsi dasar pergudangan dan metode penentuan jumlah kebutuhan persediaan',NULL,NULL,'2019-03-18 19:29:14','2019-03-18 19:29:14'),(408,84,'Level 2',2,'Mampu melakukan proses penerimaan barang meliputi ; memastikan barang yang diterima dalam kondisi baik, memastikan barang di cek oleh QC person, melakukan penimbangan barang yang akan datang, dan memastikan penataan barang yang rapi',NULL,NULL,'2019-03-18 19:29:30','2019-03-18 19:29:30'),(409,84,'Level 3',3,'Mampu melakukan akuntansi persediaan dengan menggunakan perhitungan biaya material dengan metode FIFO, LIFO, AVERAGE, Stock Card, dan cycle counting',NULL,NULL,'2019-03-18 19:29:47','2019-03-18 19:29:47'),(410,84,'Level 4',4,'Mampu melakukan inventory control teknik meliputi ; klasifikasi persediaan dan biaya persediaan, stock opname, serta perhitungan optimasi persediaan',NULL,NULL,'2019-03-18 19:30:03','2019-03-18 19:30:03'),(411,84,'Level 5',5,'Mampu merancang metode dalam proses teknik pencatatan barang, membuat master file kodifikasi barang dan persediaan barang di gudang',NULL,NULL,'2019-03-18 19:30:20','2019-03-18 19:30:20'),(412,85,'Level 1',1,'Mampu melakukan identifikasi terhadap berbagai temuan yang dapat bersumber dari bukti fisik, aturan/SOP, serta bukti yang bersifat data-data substansi',NULL,NULL,'2019-03-18 19:31:01','2019-03-18 19:31:01'),(413,85,'Level 2',2,'Mampu menggali fakta melalui teknik wawancara dengan kaidah bahasa dan konstruksi kalimat yang baik sehingga mendapatkan pengakuan auditee atas temuan audit via konfirmasi tertulis',NULL,NULL,'2019-03-18 19:31:18','2019-03-18 19:31:18'),(414,85,'Level 3',3,'Mampu memperdalam temuan dengan memperluas keterkaitan antara temuan dengan human error atau system error',NULL,NULL,'2019-03-18 19:31:36','2019-03-18 19:31:36'),(415,85,'Level 4',4,'Mampu melakukan audit dengan menggunakan metode audit induktif dan deduktif (termasuk dalam pemetaan, peninjauan ulang, survey, inspeksi, pemindaian, observasi, perbandingan, rekonsiliasi, perbandingan, dll)',NULL,NULL,'2019-03-18 19:31:56','2019-03-18 19:31:56'),(416,85,'Level 5',5,'Mampu memberikan review berupa laporan audit yang memuat resiko dan level bahaya dari perusahaan',NULL,NULL,'2019-03-18 19:32:12','2019-03-18 19:32:12'),(417,86,'Level 1',1,'Memahami dan berupaya mengikuti kebijakan, proses dan prosedur dalam lingkup kerja',NULL,NULL,'2019-03-18 19:33:30','2019-03-18 19:33:30'),(418,86,'Level 2',2,'Melaksanakan pekerjaan dangan berpatokan pada kebijakan, proses dan prosedur yang ditetapkan',NULL,NULL,'2019-03-18 19:33:49','2019-03-18 19:33:49'),(419,86,'Level 3',3,'Mendukung dan memprakarsai penggunaan kebijakan, proses dan prosedur yang sesuai untuk mencapai tujuan yang penting',NULL,NULL,'2019-03-18 19:34:18','2019-03-18 19:34:18'),(420,86,'Level 4',4,'Memberikan contoh yang baik dengan secara konsisten bekerja dalam batas-batas pedoman untuk mencapai tujuan pekerjaan',NULL,NULL,'2019-03-18 19:34:35','2019-03-18 19:34:35'),(421,86,'Level 5',5,'Secara efekif mendorong orang lain untuk mengikuti pedoman, prosedur dan peraturan organisasi',NULL,NULL,'2019-03-18 19:34:52','2019-03-18 19:34:52'),(422,87,'Level 1',1,'Mampu menjaga hubungan baik dan koordinasi dengan pihak customer',NULL,NULL,'2019-03-18 19:35:41','2019-03-18 19:35:41'),(423,87,'Level 2',2,'Mampu menulis dan mengoreksi salinan materi iklan, memlihara situs web, dan melihat statistik data dalam proses pemasaran ataupun pameran produk',NULL,NULL,'2019-03-18 19:35:57','2019-03-18 19:35:57'),(424,87,'Level 3',3,'Mampu membuat atau memperbarui basis data dan menggunakan sistem manajemen hubungan pelanggan',NULL,NULL,'2019-03-18 19:36:14','2019-03-18 19:36:14'),(425,87,'Level 4',4,'Mampu menginformasikan dan melakukan pemasaran dengan melibatkan elemen budaya perusahaan',NULL,NULL,'2019-03-18 19:36:33','2019-03-18 19:36:33'),(426,87,'Level 5',5,'Mampu melakukan penelitian dan menganalisis data untuk mengidentifikasi dan menentukan target pasar',NULL,NULL,'2019-03-18 19:36:52','2019-03-18 19:36:52'),(427,5,'Level 1',1,'Memiliki keterampilan dasar Ms Excel seperti ; membuka file, menginput, memperbaiki, dan menyimpan data, memformat sel, baris, dan kolom, menggunakan fungsi aritmatika sederhana dalam rumus, print worksheet',NULL,NULL,'2019-03-18 19:37:55','2019-03-18 19:37:55'),(428,5,'Level 2',2,'Memiliki keterampilan dalam menggunakan Ms Power Point seperti mengoperasikan grafik dan animasi, memasukkan klip film dan klip  suara kedalam slide, memodifikasi warna seni klip dan latar belakang, membuat presentasi album foto, merancang tata letak tabel, menyalin atau mengirim slide kedalam bentuk word',NULL,NULL,'2019-03-18 19:38:16','2019-03-18 19:38:16'),(429,5,'Level 3',3,'Memiliki keterampilan dalam menggunakan Ms Word seperti ; mampu menggunakan SmartArt, membuat daftar isi dan indeks dalam dokumen panjang. Membuat, menggunakan, dan menghapus bookmark dan referensi silang, menggunakan AutoCorrect untuk secara otomatis mengoreksi kata da frasa, membuat dan memperbaharui indeks, memasukkan bidang perhitungan ke dalam tabel untuk menjumlahkan kolom/baris. membuat perhitungan yang lebih rumit dalam sel tabel untuk memasukkan perkalian, pembagian, pengurangan, dan penambahan',NULL,NULL,'2019-03-18 19:38:37','2019-03-18 19:38:37'),(430,5,'Level 4',4,'Memiliki keterampilan menggunakan Ms. Excel seperti ; Mengelola perintah macro : konsep, perencanaan, operasi, eksekusi, modifikasi, dan interupsi, dapat melakukan beberapa program dalam VB/Visual Basic Editor',NULL,NULL,'2019-03-18 19:39:12','2019-03-18 19:39:12'),(431,5,'Level 5',5,'Memiliki ketrampilan menggunakan software tambahan misal Ms Acess, Adobe Premire, Photoshop/, corel draw meliputi merencanakan, menyusun, membuat menyimpan, mengelola, memlihara basis data, mengubah struktur basis data, menggunakan hyperlink dan Macro, membuat bentuk Switchboard/Splash Screen.',NULL,NULL,'2019-03-18 19:39:32','2019-03-18 19:39:32'),(432,113,'test',1,'test desc',NULL,'2019-12-24 01:48:21',NULL,NULL),(433,113,'test x',13,'test desc x',NULL,'2019-12-24 01:31:02',NULL,NULL),(434,113,'level 2',2,'test level 2',NULL,'2019-12-24 01:37:11',NULL,NULL),(435,113,'level 30',30,'test level 30',NULL,'2019-12-24 01:37:05',NULL,NULL),(436,113,'coba satu dua',22,'cobaan 2',NULL,'2019-12-24 01:48:11',NULL,NULL),(437,113,'level 1',1,'level 1 test',NULL,'2019-12-24 01:57:50',NULL,NULL);
/*!40000 ALTER TABLE `skill_units` ENABLE KEYS */;
UNLOCK TABLES;

--
-- Table structure for table `users`
--

DROP TABLE IF EXISTS `users`;
/*!40101 SET @saved_cs_client     = @@character_set_client */;
/*!40101 SET character_set_client = utf8 */;
CREATE TABLE `users` (
  `id` int(10) unsigned NOT NULL AUTO_INCREMENT,
  `group_id` int(10) unsigned NOT NULL,
  `nik` varchar(255) COLLATE utf8mb4_unicode_ci NOT NULL,
  `level` int(11) NOT NULL,
  `password` varchar(255) COLLATE utf8mb4_unicode_ci NOT NULL,
  `remember_token` varchar(100) COLLATE utf8mb4_unicode_ci DEFAULT NULL,
  `created_at` timestamp NULL DEFAULT NULL,
  `updated_at` timestamp NULL DEFAULT NULL,
  `deleted_at` timestamp NULL DEFAULT NULL,
  `last_login` varchar(45) COLLATE utf8mb4_unicode_ci DEFAULT NULL,
  PRIMARY KEY (`id`),
  KEY `users_group_id_foreign` (`group_id`),
  KEY `users_nik_foreign` (`nik`),
  CONSTRAINT `users_group_id_foreign` FOREIGN KEY (`group_id`) REFERENCES `groups` (`id`),
  CONSTRAINT `users_nik_foreign` FOREIGN KEY (`nik`) REFERENCES `employes` (`nik`)
) ENGINE=InnoDB AUTO_INCREMENT=23 DEFAULT CHARSET=utf8mb4 COLLATE=utf8mb4_unicode_ci;
/*!40101 SET character_set_client = @saved_cs_client */;

--
-- Dumping data for table `users`
--

LOCK TABLES `users` WRITE;
/*!40000 ALTER TABLE `users` DISABLE KEYS */;
INSERT INTO `users` VALUES (5,1,'123456',99,'$2y$10$IK/oxNVqkz1qSWsmJ0yYBON7107Y.9p5LzxbMbIQdl.acBxXYF5Pm','zssMHd5z1bSz0wUUppITxBwiTygLUytqcOHDXow9m8QbIEpg4AxJhg9zVm4Y',NULL,NULL,NULL,'2020-01-29 13:44:22'),(8,2,'08051214',2,'$2y$10$zsRcRgwSlS1sjGI0eofo8OFkzxdlQkreuPScvArpsLCmWYtczEJPS','VTtTbEfUob8vGMzjSmx2PS4jHedPxKC6DJ9mdir4vefW0D4NgqxItsONL1UE',NULL,NULL,NULL,'2020-01-29 13:48:07'),(11,3,'12031664',1,'$2y$10$cgSff4vhFu8cPN1TacGePOYBMEcmXHlhfrp/Oj2yqvf7jL0HGI85y','tlIaZohFkkamghXd2MhGlSrGoifZZDh8Y0TmwvOQN3IJTVnd3J2Ae1TYpOx6',NULL,NULL,NULL,'2020-01-29 13:47:22'),(13,2,'18072917',1,'$2y$10$g0Ao2tcIbW16I20dEY2gaur9CQMhNXui0M3RM1vL.Ew9xQj.yrJjG','SZX7nkh3DycUMechPYiHVvjEV7QTWmIX0L9o8GzVmdr6tOkTacWc5cof46Sr',NULL,NULL,NULL,'2020-01-21 11:46:57'),(14,2,'00090706',2,'$2y$10$LXWx1K4Z21c/rWzUK3PoBehx.fVjh6MXmgrfo42s7eaZnD4kmsxqS','lTMIp3j27wyF4QqZ1nYVUpPGBIvBHG7StwOsIRzjkHbd73m3ps9TVM5DAMfC',NULL,NULL,NULL,NULL),(15,3,'06011029',2,'$2y$10$EFMiOw5gNZlYLk9IQZ1RE.3/3rL5I4uaB94F/7GNe3Et.sIHvJHmK','FdflKmeqVXZgFo7dykIZpoRODcvAozUzOPR3bacMIF7Ta2FqhhUC3iVhhf8M',NULL,NULL,NULL,'2020-01-27 15:26:47'),(16,2,'18072917',3,'$2y$10$oBu03WcdMs/xzHPgdJHAauGfgFpugs4kUt/FdGNOvpKu9LT9nAwFO',NULL,NULL,NULL,NULL,'2020-01-21 11:46:57'),(17,3,'02090780',2,'$2y$10$6ZNVrMDTetDBdehn6BIWa.8UVdP5CcuyLoo6nmluGs6P7pY8Z1MiO','1BRNaxHikwCwMjNEyOojqEvdZuWN0sZzShI2ILec6amaDj8gwhKFYyOGsnSF',NULL,NULL,NULL,'2020-01-17 13:08:22'),(18,3,'88010068',1,'$2y$10$ei6bEQXdQPd24YIHsEM8z.ITKfVs4wB/cIU2ds3PrQfXUpqJYR.jK',NULL,NULL,NULL,NULL,'2020-01-29 14:12:19'),(22,2,'92100301',3,'$2y$10$BKArjV4qYUjDyezA1N79cO5ckDSAVUKCZ6npuX8TAbhYJmrj4d9fy',NULL,NULL,NULL,NULL,'2020-01-29 13:49:24');
/*!40000 ALTER TABLE `users` ENABLE KEYS */;
UNLOCK TABLES;
/*!40103 SET TIME_ZONE=@OLD_TIME_ZONE */;

/*!40101 SET SQL_MODE=@OLD_SQL_MODE */;
/*!40014 SET FOREIGN_KEY_CHECKS=@OLD_FOREIGN_KEY_CHECKS */;
/*!40014 SET UNIQUE_CHECKS=@OLD_UNIQUE_CHECKS */;
/*!40101 SET CHARACTER_SET_CLIENT=@OLD_CHARACTER_SET_CLIENT */;
/*!40101 SET CHARACTER_SET_RESULTS=@OLD_CHARACTER_SET_RESULTS */;
/*!40101 SET COLLATION_CONNECTION=@OLD_COLLATION_CONNECTION */;
/*!40111 SET SQL_NOTES=@OLD_SQL_NOTES */;

-- Dump completed on 2020-01-29 14:15:05
